filename,dive_id,unique_random_point_annotations,difference_from_target
2025_09_SA_FR01_001_0039.png,2025-09-sa-fr01-001,114,14
2025_09_SA_FR01_001_0049.png,2025-09-sa-fr01-001,103,3
2025_09_SA_FR01_001_0056.png,2025-09-sa-fr01-001,101,1
2025_09_SA_FR01_002_v2_0014.png,2025-09-sa-fr01-002,23,-77
2025_09_SA_FR01_002_v2_0015.png,2025-09-sa-fr01-002,101,1
2025_09_SA_FR01_002_v2_0030.png,2025-09-sa-fr01-002,101,1
2025_09_SA_FR01_002_v2_0032.png,2025-09-sa-fr01-002,99,-1
2025_09_SA_FR01_002_v2_0034.png,2025-09-sa-fr01-002,101,1
2025_09_SA_FR01_002_v2_0037.png,2025-09-sa-fr01-002,98,-2
2025_09_SA_FR01_002_v2_0040.png,2025-09-sa-fr01-002,101,1
2025_09_SA_FR01_002_v2_0042.png,2025-09-sa-fr01-002,99,-1
2025_09_SA_FR01_002_v2_0043.png,2025-09-sa-fr01-002,99,-1
2025_09_SA_FR01_002_v2_0051.png,2025-09-sa-fr01-002,99,-1
2025_09_SA_FR01_003_0011.png,2025-09-sa-fr01-003,99,-1
2025_09_SA_FR01_003_0013.png,2025-09-sa-fr01-003,99,-1
2025_09_SA_FR01_003_0014.png,2025-09-sa-fr01-003,99,-1
2025_09_SA_FR01_003_0021.png,2025-09-sa-fr01-003,98,-2
2025_09_SA_FR01_003_0023.png,2025-09-sa-fr01-003,101,1
2025_09_SA_FR01_003_0033.png,2025-09-sa-fr01-003,99,-1
2025_09_SA_FR01_003_0035.png,2025-09-sa-fr01-003,99,-1
2025_09_SA_FR01_003_0036.png,2025-09-sa-fr01-003,99,-1
2025_09_SA_FR01_003_0038.png,2025-09-sa-fr01-003,99,-1
2025_09_SA_FR01_003_0041.png,2025-09-sa-fr01-003,98,-2
2025_09_SA_FR01_003_0045.png,2025-09-sa-fr01-003,99,-1
2025_09_SA_FR01_003_0046.png,2025-09-sa-fr01-003,99,-1
2025_09_SA_FR01_004_0010.png,2025-09-sa-fr01-004,105,5
2025_09_SA_FR01_004_0015.png,2025-09-sa-fr01-004,97,-3
2025_09_SA_FR01_004_0019.png,2025-09-sa-fr01-004,99,-1
2025_09_SA_FR01_004_0028.png,2025-09-sa-fr01-004,99,-1
2025_09_SA_FR01_004_0038.png,2025-09-sa-fr01-004,99,-1
2025_09_SA_FR01_004_0042.png,2025-09-sa-fr01-004,102,2
2025_09_SA_FR01_004_0043.png,2025-09-sa-fr01-004,99,-1
2025_09_SA_FR01_004_0054.png,2025-09-sa-fr01-004,101,1
2025_09_SA_FR01_005_0023.png,2025-09-sa-fr01-005,101,1
2025_09_SA_FR01_006_0003.png,2025-09-sa-fr01-006,101,1
2025_09_SA_FR01_006_0009.png,2025-09-sa-fr01-006,102,2
2025_09_SA_FR01_006_0011.png,2025-09-sa-fr01-006,101,1
2025_09_SA_FR01_006_0014.png,2025-09-sa-fr01-006,101,1
2025_09_SA_FR01_006_0015.png,2025-09-sa-fr01-006,99,-1
2025_09_SA_FR01_006_0016.png,2025-09-sa-fr01-006,101,1
2025_09_SA_FR01_007_0009.png,2025-09-sa-fr01-007,99,-1
2025_09_SA_FR01_007_0015.png,2025-09-sa-fr01-007,99,-1
2025_09_SA_FR01_007_0024.png,2025-09-sa-fr01-007,99,-1
2025_09_SA_FR01_007_0030.png,2025-09-sa-fr01-007,99,-1
2025_09_SA_FR01_007_0031.png,2025-09-sa-fr01-007,101,1
2025_09_SA_FR01_007_0032.png,2025-09-sa-fr01-007,99,-1
2025_09_SA_FR01_007_0034.png,2025-09-sa-fr01-007,101,1
2025_09_SA_FR01_009_0015.png,2025-09-sa-fr01-009,101,1
2025_09_SA_FR01_009_0017.png,2025-09-sa-fr01-009,99,-1
2025_09_SA_FR01_009_0020.png,2025-09-sa-fr01-009,101,1
2025_09_SA_FR01_011_v1_0029.png,2025-09-sa-fr01-011,101,1
2025_09_SA_FR01_011_v1_0055.png,2025-09-sa-fr01-011,101,1
2025_09_SA_FR01_011_v1_0064.png,2025-09-sa-fr01-011,99,-1
2025_09_SA_FR01_011_v1_0065.png,2025-09-sa-fr01-011,101,1
2025_09_SA_FR01_011_v1_0074.png,2025-09-sa-fr01-011,101,1
2025_09_SA_FR01_015_v1_0013.png,2025-09-sa-fr01-015,99,-1
2025_09_SA_FR01_015_v1_0063.png,2025-09-sa-fr01-015,43,-57
2025_09_SA_FR01_015_v1_0070.png,2025-09-sa-fr01-015,101,1
2025_09_SA_FR01_015_v1_0074.png,2025-09-sa-fr01-015,99,-1
2025_09_SA_FR01_015_v1_0075.png,2025-09-sa-fr01-015,98,-2
2025_09_SA_FR01_015_v1_0078.png,2025-09-sa-fr01-015,99,-1
2025_09_SA_FR01_015_v1_0082.png,2025-09-sa-fr01-015,99,-1
2025_09_SA_FR01_015_v2_0005.png,2025-09-sa-fr01-015,41,-59
2025_09_SA_FR01_015_v2_0026.png,2025-09-sa-fr01-015,96,-4
2025_09_SA_FR01_015_v2_0034.png,2025-09-sa-fr01-015,99,-1
2025_09_SA_FR01_016_0019.png,2025-09-sa-fr01-016,98,-2
2025_09_SA_FR01_016_0021.png,2025-09-sa-fr01-016,101,1
2025_09_SA_FR01_016_0023.png,2025-09-sa-fr01-016,101,1
2025_09_SA_FR01_016_0029.png,2025-09-sa-fr01-016,99,-1
2025_09_SA_FR01_018_v1_0013.png,2025-09-sa-fr01-018,0,-100
2025_09_SA_FR01_018_v1_0014.png,2025-09-sa-fr01-018,0,-100
2025_09_SA_FR01_018_v1_0015.png,2025-09-sa-fr01-018,0,-100
2025_09_SA_FR01_018_v1_0016.png,2025-09-sa-fr01-018,90,-10
2025_09_SA_FR01_018_v1_0017.png,2025-09-sa-fr01-018,75,-25
2025_09_SA_FR01_018_v1_0018.png,2025-09-sa-fr01-018,179,79
2025_09_SA_FR01_018_v1_0019.png,2025-09-sa-fr01-018,214,114
2025_09_SA_FR01_018_v1_0020.png,2025-09-sa-fr01-018,173,73
2025_09_SA_FR01_018_v1_0021.png,2025-09-sa-fr01-018,47,-53
2025_09_SA_FR01_018_v1_0022.png,2025-09-sa-fr01-018,169,69
2025_09_SA_FR01_018_v1_0023.png,2025-09-sa-fr01-018,2,-98
2025_09_SA_FR01_018_v2_0024.png,2025-09-sa-fr01-018,42,-58
2025_09_SA_FR01_021_0052.png,2025-09-sa-fr01-021,99,-1
2025_09_SA_FR01_021_0056.png,2025-09-sa-fr01-021,99,-1
2025_09_SA_FR01_022_v1_0011.png,2025-09-sa-fr01-022,99,-1
2025_09_SA_FR01_025_0015.png,2025-09-sa-fr01-025,99,-1
2025_09_SA_FR01_025_0023.png,2025-09-sa-fr01-025,98,-2
2025_09_SA_FR01_025_0024.png,2025-09-sa-fr01-025,99,-1
2025_09_SA_FR01_025_0045.png,2025-09-sa-fr01-025,102,2
2025_09_SA_FR01_025_0046.png,2025-09-sa-fr01-025,1,-99
2025_09_SA_FR01_025_0047.png,2025-09-sa-fr01-025,37,-63
2025_09_SA_FR01_026_0018.png,2025-09-sa-fr01-026,99,-1
2025_09_SA_FR01_028_0014.png,2025-09-sa-fr01-028,101,1
2025_09_SA_FR01_028_0021.png,2025-09-sa-fr01-028,101,1
2025_09_SA_FR01_028_0023.png,2025-09-sa-fr01-028,99,-1
2025_09_SA_FR01_028_0033.png,2025-09-sa-fr01-028,101,1
