response,predictor,analysis_method,sampling_level,effect_scope,n,n_dives,edf,ref_df,statistic,p_value,r_squared,deviance_explained,p_adjusted_within_method,p_adjust_family
observed_common_id_richness,depth_m,gam_with_dive_random_intercept,frame,within_dive,179,7,0.35613072734328505,4,0.13249557413419316,0.22166479428758656,0.2276926432118711,0.25148962048708273,0.2955530590501154,BH_within_gam_with_dive_random_intercept
observed_common_id_richness,temperature,gam_with_dive_random_intercept,frame,within_dive,179,7,1.7085315882628638,4,6.482845898220365,0.0033024574585988065,0.25405259812756453,0.2830178098270856,0.013209829834395226,BH_within_gam_with_dive_random_intercept
rarefied_common_id_richness,depth_m,gam_with_dive_random_intercept,frame,within_dive,179,7,2.1058406871973898e-4,4,7.355214096515094e-6,0.757613382320092,0.22994826142953773,0.2526637467714145,0.757613382320092,BH_within_gam_with_dive_random_intercept
rarefied_common_id_richness,temperature,gam_with_dive_random_intercept,frame,within_dive,179,7,1.6807704949140083,4,7.293441330900336,0.0030244712797411477,0.2703176767342613,0.2990967825699136,0.013209829834395226,BH_within_gam_with_dive_random_intercept
shannon_common_id_diversity,depth_m,gam_with_dive_random_intercept,frame,within_dive,179,7,1.1050158494484502e-4,4,6.311670281038988e-6,0.6648520641474441,0.2542931977428884,0.2763999179569789,0.7252931608881208,BH_within_gam_with_dive_random_intercept
shannon_common_id_diversity,temperature,gam_with_dive_random_intercept,frame,within_dive,179,7,1.7231909575132707,4,8.549069496579243,0.002426965804226522,0.2964078918672205,0.3244265925195471,0.013209829834395226,BH_within_gam_with_dive_random_intercept
inverse_simpson_common_id_diversity,depth_m,gam_with_dive_random_intercept,frame,within_dive,179,7,1.9054634616918044e-4,4,1.6759325785758552e-5,0.5730742141652064,0.23277249399444933,0.2554343193733047,0.6876890569982477,BH_within_gam_with_dive_random_intercept
inverse_simpson_common_id_diversity,temperature,gam_with_dive_random_intercept,frame,within_dive,179,7,1.4426311057516685,4,3.5923736850543784,0.0073150169144664545,0.26265152669940195,0.2906358198037902,0.021945050743399364,BH_within_gam_with_dive_random_intercept
pielou_evenness,depth_m,gam_with_dive_random_intercept,frame,within_dive,178,7,0.8560483959131227,4,0.8295584202923328,0.0439997563702601,0.23071177559286615,0.2574157337096056,0.06599963455539015,BH_within_gam_with_dive_random_intercept
pielou_evenness,temperature,gam_with_dive_random_intercept,frame,within_dive,178,7,1.165507115258814,4,2.200847795839311,0.035129209955991225,0.23895320996406855,0.2668591869626471,0.06022150278169924,BH_within_gam_with_dive_random_intercept
pct_biotic_all,depth_m,gam_with_dive_random_intercept,frame,within_dive,179,7,0.9903972459118778,4,1.3239410800976945,0.016399375493954427,0.20378107941078083,0.23142876687320715,0.03935850118549062,BH_within_gam_with_dive_random_intercept
pct_biotic_all,temperature,gam_with_dive_random_intercept,frame,within_dive,179,7,1.006132589544482,4,1.102523463304158,0.03267196567707986,0.19949261977895505,0.22736469510071947,0.06022150278169924,BH_within_gam_with_dive_random_intercept
observed_common_id_richness,lat,gam_dive_level,dive,between_dive,18,18,5.0213564684963545e-5,4,5.3629696536007734e-6,0.5763519048946553,-4.299970597365643e-7,2.5237433092289843e-6,0.8949039246694623,BH_within_gam_dive_level
observed_common_id_richness,long,gam_dive_level,dive,between_dive,18,18,3.629517683912764e-5,4,2.5248993562525305e-6,0.6557568930625138,-9.468303332482719e-7,1.188182090541503e-6,0.8949039246694623,BH_within_gam_dive_level
rarefied_common_id_richness,lat,gam_dive_level,dive,between_dive,18,18,2.063260840117179e-5,4,1.4792554325779294e-6,0.6764891584251433,-5.175646733412975e-7,6.961188017969166e-7,0.8949039246694623,BH_within_gam_dive_level
rarefied_common_id_richness,long,gam_dive_level,dive,between_dive,18,18,1.3916252248550251e-5,4,6.627222975268884e-7,0.7357105260025427,-5.067341652953417e-7,3.118693228153986e-7,0.8949039246694623,BH_within_gam_dive_level
shannon_common_id_diversity,lat,gam_dive_level,dive,between_dive,18,18,6.696087855721113e-6,4,4.144278650913687e-7,0.7100433237143668,-1.9886275315350588e-7,1.9502484585233168e-7,0.8949039246694623,BH_within_gam_dive_level
shannon_common_id_diversity,long,gam_dive_level,dive,between_dive,18,18,5.817338414391066e-6,4,3.090570699393772e-7,0.7137430013247947,-1.967578211470311e-7,1.4543862352393646e-7,0.8949039246694623,BH_within_gam_dive_level
inverse_simpson_common_id_diversity,lat,gam_dive_level,dive,between_dive,18,18,2.086252732327423e-5,4,2.0670696849014533e-6,0.5960911893757783,-2.5447295382008406e-7,9.727348476581197e-7,0.8949039246694623,BH_within_gam_dive_level
inverse_simpson_common_id_diversity,long,gam_dive_level,dive,between_dive,18,18,2.1144087419160137e-5,4,1.0142884225852222e-6,0.7342778758911741,-7.6645866098346e-7,4.773121406047956e-7,0.8949039246694623,BH_within_gam_dive_level
pielou_evenness,lat,gam_dive_level,dive,between_dive,18,18,1.2412923678245956e-5,4,2.475427552476915e-7,0.8949039246694623,-6.136820716040603e-7,1.1649035813658407e-7,0.8949039246694623,BH_within_gam_dive_level
pielou_evenness,long,gam_dive_level,dive,between_dive,18,18,1.0921068236445334e-5,4,3.040955342659577e-7,0.8288046648742603,-4.993127116215135e-7,1.4310338817043593e-7,0.8949039246694623,BH_within_gam_dive_level
pct_biotic_all,lat,gam_dive_level,dive,between_dive,18,18,9.719986477978905e-5,4,1.4417292099198088e-5,0.4866529557247872,1.0666932072078694e-6,6.7843262129870265e-6,0.8949039246694623,BH_within_gam_dive_level
pct_biotic_all,long,gam_dive_level,dive,between_dive,18,18,6.758005012222397e-5,4,1.910048681057614e-6,0.8265611426915315,-3.076465232787484e-6,8.988440628049133e-7,0.8949039246694623,BH_within_gam_dive_level
