response,predictor,analysis_method,sampling_level,effect_scope,n,n_dives,estimate,std_error,statistic,p_value,r_squared,deviance_explained,edf,permutations,p_adjusted_within_method,p_adjust_family
observed_common_id_richness,depth_m,spearman_blocked_within_dive,frame,within_dive,179,7,-0.0531402725630979,NA,-0.0531402725630979,0.4222,NA,NA,NA,9999,0.46058181818181815,BH_within_spearman_blocked_within_dive
observed_common_id_richness,depth_m,linear_with_dive_random_intercept,frame,within_dive,179,7,-0.019299720075824686,0.016124394770534026,-1.1969267901511131,0.23298342839175978,0.2271942391351467,0.25379979243250383,NA,NA,0.3494751425876397,BH_within_linear_with_dive_random_intercept
observed_common_id_richness,depth_m,log1p_linear_with_dive_random_intercept,frame,within_dive,179,7,-0.002015457969945206,0.0025346213331028295,-0.7951712327292398,0.42761035061650543,0.2141862426033554,0.24103839326079757,NA,NA,0.5131324207398065,BH_within_log1p_linear_with_dive_random_intercept
observed_common_id_richness,temperature,spearman_blocked_within_dive,frame,within_dive,179,7,-0.19173859097626522,NA,-0.19173859097626522,0.003,NA,NA,NA,9999,0.012,BH_within_spearman_blocked_within_dive
observed_common_id_richness,temperature,linear_with_dive_random_intercept,frame,within_dive,179,7,-0.15109549834891434,0.19327963344004293,-0.7817455758771682,0.43543966632585085,0.22350179612423082,0.25021772019159433,NA,NA,0.5805862217678011,BH_within_linear_with_dive_random_intercept
observed_common_id_richness,temperature,log1p_linear_with_dive_random_intercept,frame,within_dive,179,7,-0.027909476533885525,0.030290560708514703,-0.9213918752596794,0.35813705509490235,0.21517497213865988,0.24199800303796368,NA,NA,0.4775160734598698,BH_within_log1p_linear_with_dive_random_intercept
rarefied_common_id_richness,depth_m,spearman_blocked_within_dive,frame,within_dive,179,7,0.04931791753914298,NA,0.04931791753914298,0.4623,NA,NA,NA,9999,0.4623,BH_within_spearman_blocked_within_dive
rarefied_common_id_richness,depth_m,linear_with_dive_random_intercept,frame,within_dive,179,7,0.002735392245589863,0.00849615473772206,0.3219565003265537,0.7478771675954359,0.22591579686579322,0.253081524721766,NA,NA,0.7478771675954359,BH_within_linear_with_dive_random_intercept
rarefied_common_id_richness,depth_m,log1p_linear_with_dive_random_intercept,frame,within_dive,179,7,0.0010562494103640687,0.0018193462125240909,0.5805653718313838,0.5622942330154115,0.22480250413263725,0.251868975173965,NA,NA,0.5622942330154115,BH_within_log1p_linear_with_dive_random_intercept
rarefied_common_id_richness,temperature,spearman_blocked_within_dive,frame,within_dive,179,7,-0.21211093875149242,NA,-0.21211093875149242,4e-4,NA,NA,NA,9999,0.003,BH_within_spearman_blocked_within_dive
rarefied_common_id_richness,temperature,linear_with_dive_random_intercept,frame,within_dive,179,7,-0.1862300476271098,0.10062736763292844,-1.8506898471839728,0.0659318652149224,0.2406528549794149,0.26736088581236245,NA,NA,0.1138888826086254,BH_within_linear_with_dive_random_intercept
rarefied_common_id_richness,temperature,log1p_linear_with_dive_random_intercept,frame,within_dive,179,7,-0.04307221339396331,0.021527226435182574,-2.00082502609668,0.04698622544226548,0.24103354740552918,0.2676007015741321,NA,NA,0.09397245088453096,BH_within_log1p_linear_with_dive_random_intercept
shannon_common_id_diversity,depth_m,spearman_blocked_within_dive,frame,within_dive,179,7,0.05558973071370285,NA,0.05558973071370285,0.4131,NA,NA,NA,9999,0.46058181818181815,BH_within_spearman_blocked_within_dive
shannon_common_id_diversity,depth_m,linear_with_dive_random_intercept,frame,within_dive,179,7,0.0014618780128622304,0.0031549850070463365,0.4633549793730478,0.6436966528189353,0.2508763406050537,0.27727916873003305,NA,NA,0.7022145303479294,BH_within_linear_with_dive_random_intercept
shannon_common_id_diversity,depth_m,log1p_linear_with_dive_random_intercept,frame,within_dive,179,7,9.986627630048516e-4,0.0015140901735854184,0.6595794493798102,0.5104070490614605,0.2389477060923264,0.2655407142137345,NA,NA,0.5568076898852296,BH_within_log1p_linear_with_dive_random_intercept
shannon_common_id_diversity,temperature,spearman_blocked_within_dive,frame,within_dive,179,7,-0.2191057154432867,NA,-0.2191057154432867,5e-4,NA,NA,NA,9999,0.003,BH_within_spearman_blocked_within_dive
shannon_common_id_diversity,temperature,linear_with_dive_random_intercept,frame,within_dive,179,7,-0.06905108366530922,0.03738097577156706,-1.8472252861261924,0.06643518152169815,0.26459776688643155,0.2905693834722228,NA,NA,0.1138888826086254,BH_within_linear_with_dive_random_intercept
shannon_common_id_diversity,temperature,log1p_linear_with_dive_random_intercept,frame,within_dive,179,7,-0.033970646676703686,0.017941988839541338,-1.8933601497866108,0.059991398731341294,0.25266220781746285,0.2788317557095757,NA,NA,0.1028423978251565,BH_within_log1p_linear_with_dive_random_intercept
inverse_simpson_common_id_diversity,depth_m,spearman_blocked_within_dive,frame,within_dive,179,7,0.07683242150128763,NA,0.07683242150128763,0.2624,NA,NA,NA,9999,0.40335,BH_within_spearman_blocked_within_dive
inverse_simpson_common_id_diversity,depth_m,linear_with_dive_random_intercept,frame,within_dive,179,7,0.005682260183350596,0.01002618723438395,0.5667418780953712,0.571629479089039,0.2297340181247971,0.2567998027277143,NA,NA,0.6859553749068469,BH_within_linear_with_dive_random_intercept
inverse_simpson_common_id_diversity,depth_m,log1p_linear_with_dive_random_intercept,frame,within_dive,179,7,0.002331699424455158,0.002299367566162947,1.0140611961167065,0.31198071565126123,0.2637391130420912,0.28996034456556974,NA,NA,0.4679710734768918,BH_within_log1p_linear_with_dive_random_intercept
inverse_simpson_common_id_diversity,temperature,spearman_blocked_within_dive,frame,within_dive,179,7,-0.17535378060833,NA,-0.17535378060833,0.0055,NA,NA,NA,9999,0.0165,BH_within_spearman_blocked_within_dive
inverse_simpson_common_id_diversity,temperature,linear_with_dive_random_intercept,frame,within_dive,179,7,-0.23664207065154738,0.11863642260618079,-1.9946831289501363,0.04765940693685773,0.2458287988081802,0.27239291327943554,NA,NA,0.1138888826086254,BH_within_linear_with_dive_random_intercept
inverse_simpson_common_id_diversity,temperature,log1p_linear_with_dive_random_intercept,frame,within_dive,179,7,-0.05736269904672617,0.027228004204808667,-2.1067537163298766,0.03659245793355238,0.27804303885399184,0.30380515848282097,NA,NA,0.08782189904052572,BH_within_log1p_linear_with_dive_random_intercept
pielou_evenness,depth_m,spearman_blocked_within_dive,frame,within_dive,178,7,0.13111309471247298,NA,0.13111309471247298,0.0541,NA,NA,NA,9999,0.1082,BH_within_spearman_blocked_within_dive
pielou_evenness,depth_m,linear_with_dive_random_intercept,frame,within_dive,178,7,0.0022791514793992374,0.0010763838129849072,2.117415230426914,0.0356731198605878,0.23147222228322717,0.2588344895181491,NA,NA,0.11329933530364547,BH_within_linear_with_dive_random_intercept
pielou_evenness,depth_m,log1p_linear_with_dive_random_intercept,frame,within_dive,178,7,0.001420442669088441,6.549011999182639e-4,2.168941924775404,0.031470005792777804,0.21900557349016536,0.2465276240079935,NA,NA,0.08782189904052572,BH_within_log1p_linear_with_dive_random_intercept
pielou_evenness,temperature,spearman_blocked_within_dive,frame,within_dive,178,7,-0.08576079896852445,NA,-0.08576079896852445,0.2689,NA,NA,NA,9999,0.40335,BH_within_spearman_blocked_within_dive
pielou_evenness,temperature,linear_with_dive_random_intercept,frame,within_dive,178,7,-0.026958465036511406,0.012876138331028074,-2.093676251640499,0.03776644510121516,0.23103139907591264,0.2584076281881019,NA,NA,0.11329933530364547,BH_within_linear_with_dive_random_intercept
pielou_evenness,temperature,log1p_linear_with_dive_random_intercept,frame,within_dive,178,7,-0.017529862044125304,0.007824904383020139,-2.2402653356588864,0.026363442902611507,0.22040951994323232,0.24788807648576644,NA,NA,0.08782189904052572,BH_within_log1p_linear_with_dive_random_intercept
pct_biotic_all,depth_m,spearman_blocked_within_dive,frame,within_dive,179,7,-0.1683094823886936,NA,-0.1683094823886936,0.015,NA,NA,NA,9999,0.036,BH_within_spearman_blocked_within_dive
pct_biotic_all,depth_m,linear_with_dive_random_intercept,frame,within_dive,179,7,-0.2693118579008815,0.10713629974154433,-2.5137311868206162,0.012866067445573674,0.20368562151090996,0.23142700866908092,NA,NA,0.10946162772848397,BH_within_linear_with_dive_random_intercept
pct_biotic_all,depth_m,log1p_linear_with_dive_random_intercept,frame,within_dive,179,7,-0.008233474933172356,0.0032557541072275003,-2.528899499779401,0.012343702939330556,0.25933630072012426,0.2860023515156695,NA,NA,0.08782189904052572,BH_within_log1p_linear_with_dive_random_intercept
pct_biotic_all,temperature,spearman_blocked_within_dive,frame,within_dive,179,7,0.06645731035609147,NA,0.06645731035609147,0.3414,NA,NA,NA,9999,0.45519999999999994,BH_within_spearman_blocked_within_dive
pct_biotic_all,temperature,linear_with_dive_random_intercept,frame,within_dive,179,7,3.059067328746204,1.2834771665920948,2.3834216987815053,0.018243604621413997,0.2008057903644842,0.2286343602364652,NA,NA,0.10946162772848397,BH_within_linear_with_dive_random_intercept
pct_biotic_all,temperature,log1p_linear_with_dive_random_intercept,frame,within_dive,179,7,0.09404394566691139,0.03899693535695637,2.411572725038138,0.016938770225512934,0.25690628922436054,0.28365168650400846,NA,NA,0.08782189904052572,BH_within_log1p_linear_with_dive_random_intercept
observed_common_id_richness,lat,spearman_dive_level,dive,between_dive,18,18,0.04643962848297214,NA,924,0.8548139516870752,NA,NA,NA,NA,0.8676065335789527,BH_within_spearman_dive_level
observed_common_id_richness,lat,linear_dive_level,dive,between_dive,18,18,-0.10462663988982715,0.35664894695968313,-0.29336029387366874,0.7730176649841287,0.0053499900298663566,NA,NA,NA,0.9923621140693968,BH_within_linear_dive_level
observed_common_id_richness,lat,log1p_linear_dive_level,dive,between_dive,18,18,-0.014373326709130788,0.06787304945167609,-0.21176780511923568,0.8349621938329245,0.0027950161936015423,NA,NA,NA,0.9917822046453884,BH_within_log1p_linear_dive_level
observed_common_id_richness,long,spearman_dive_level,dive,between_dive,18,18,0.08359133126934984,NA,888,0.7415774315720882,NA,NA,NA,NA,0.8676065335789527,BH_within_spearman_dive_level
observed_common_id_richness,long,linear_dive_level,dive,between_dive,18,18,0.047448149781803346,0.1848667956242272,0.2566612875048133,0.8007113703460351,0.0041003067953633565,NA,NA,NA,0.9923621140693968,BH_within_linear_dive_level
observed_common_id_richness,long,log1p_linear_dive_level,dive,between_dive,18,18,0.004256519389287717,0.03519265322245337,0.12094909020874851,0.9052372515721369,9.134574839303434e-4,NA,NA,NA,0.9917822046453884,BH_within_log1p_linear_dive_level
rarefied_common_id_richness,lat,spearman_dive_level,dive,between_dive,18,18,0.20123839009287925,NA,774,0.42328766928815786,NA,NA,NA,NA,0.8676065335789527,BH_within_spearman_dive_level
rarefied_common_id_richness,lat,linear_dive_level,dive,between_dive,18,18,0.026144911361929448,0.2224992689780369,0.11750560566790103,0.907921843441457,8.62228880002313e-4,NA,NA,NA,0.9923621140693968,BH_within_linear_dive_level
rarefied_common_id_richness,lat,log1p_linear_dive_level,dive,between_dive,18,18,0.006734530380595913,0.05231468336964904,0.12873116966054368,0.899174648875761,0.0010346604965182945,NA,NA,NA,0.9917822046453884,BH_within_log1p_linear_dive_level
rarefied_common_id_richness,long,spearman_dive_level,dive,between_dive,18,18,0.04850361197110423,NA,922,0.8484303601629731,NA,NA,NA,NA,0.8676065335789527,BH_within_spearman_dive_level
rarefied_common_id_richness,long,linear_dive_level,dive,between_dive,18,18,0.0011211965739697002,0.11530813037199303,0.009723482380233142,0.9923621140693968,5.9090969322866675e-6,NA,NA,NA,0.9923621140693968,BH_within_linear_dive_level
rarefied_common_id_richness,long,log1p_linear_dive_level,dive,between_dive,18,18,-0.0012965876653630358,0.02711206941481962,-0.047823264448205983,0.9624489597938837,1.4292110954184978e-4,NA,NA,NA,0.9917822046453884,BH_within_log1p_linear_dive_level
shannon_common_id_diversity,lat,spearman_dive_level,dive,between_dive,18,18,0.12074303405572756,NA,852,0.6331873816566362,NA,NA,NA,NA,0.8676065335789527,BH_within_spearman_dive_level
shannon_common_id_diversity,lat,linear_dive_level,dive,between_dive,18,18,-0.00519660572632552,0.08461090799921726,-0.061417680641999414,0.9517872374678665,2.3570264962840043e-4,NA,NA,NA,0.9923621140693968,BH_within_linear_dive_level
shannon_common_id_diversity,lat,log1p_linear_dive_level,dive,between_dive,18,18,-0.0022246967784221023,0.04234190550020312,-0.05254125321335456,0.9587478316747551,1.725066918836849e-4,NA,NA,NA,0.9917822046453884,BH_within_log1p_linear_dive_level
shannon_common_id_diversity,long,spearman_dive_level,dive,between_dive,18,18,0.08359133126934984,NA,888,0.7415774315720882,NA,NA,NA,NA,0.8676065335789527,BH_within_spearman_dive_level
shannon_common_id_diversity,long,linear_dive_level,dive,between_dive,18,18,-0.001189765125913591,0.043834177256997425,-0.02714240805611708,0.9786818099781229,4.604227470412934e-5,NA,NA,NA,0.9923621140693968,BH_within_linear_dive_level
shannon_common_id_diversity,long,log1p_linear_dive_level,dive,between_dive,18,18,-0.0015057198250917282,0.02193255459373375,-0.06865227753824539,0.9461170654250964,2.944842042072623e-4,NA,NA,NA,0.9917822046453884,BH_within_log1p_linear_dive_level
inverse_simpson_common_id_diversity,lat,spearman_dive_level,dive,between_dive,18,18,0.2260061919504644,NA,750,0.3671777255550174,NA,NA,NA,NA,0.8676065335789527,BH_within_spearman_dive_level
inverse_simpson_common_id_diversity,lat,linear_dive_level,dive,between_dive,18,18,0.05943617432088514,0.2139985579344655,0.2777410039327777,0.7847680154364517,0.004798121118086629,NA,NA,NA,0.9923621140693968,BH_within_linear_dive_level
inverse_simpson_common_id_diversity,lat,log1p_linear_dive_level,dive,between_dive,18,18,0.014609729702712295,0.0568016517424718,0.2572060715584489,0.8002981483489647,0.0041176599751383165,NA,NA,NA,0.9917822046453884,BH_within_log1p_linear_dive_level
inverse_simpson_common_id_diversity,long,spearman_dive_level,dive,between_dive,18,18,0.04231166150670795,NA,928,0.8676065335789527,NA,NA,NA,NA,0.8676065335789527,BH_within_spearman_dive_level
inverse_simpson_common_id_diversity,long,linear_dive_level,dive,between_dive,18,18,0.004101768636762357,0.11111740091422734,0.036913828104461824,0.971010354072785,8.51571667222285e-5,NA,NA,NA,0.9923621140693968,BH_within_linear_dive_level
inverse_simpson_common_id_diversity,long,log1p_linear_dive_level,dive,between_dive,18,18,-3.0846501084209974e-4,0.02948497593356985,-0.010461769123945586,0.9917822046453884,6.8404915325258425e-6,NA,NA,NA,0.9917822046453884,BH_within_log1p_linear_dive_level
pielou_evenness,lat,spearman_dive_level,dive,between_dive,18,18,0.12280701754385964,NA,850,0.6273461454239679,NA,NA,NA,NA,0.8676065335789527,BH_within_spearman_dive_level
pielou_evenness,lat,linear_dive_level,dive,between_dive,18,18,0.0057009285638538005,0.028605029314223557,0.19929811996448724,0.8445402562420841,0.0024763363240560394,NA,NA,NA,0.9923621140693968,BH_within_linear_dive_level
pielou_evenness,lat,log1p_linear_dive_level,dive,between_dive,18,18,0.003597311396089541,0.016613789902174745,0.2165256342635375,0.8313146402923028,0.0029216483518820246,NA,NA,NA,0.9917822046453884,BH_within_log1p_linear_dive_level
pielou_evenness,long,spearman_dive_level,dive,between_dive,18,18,-0.11661506707946337,NA,1082.0000000000002,0.6449317151979064,NA,NA,NA,NA,0.8676065335789527,BH_within_spearman_dive_level
pielou_evenness,long,linear_dive_level,dive,between_dive,18,18,-0.004146116671615271,0.014800064621319874,-0.28014179516775106,0.7829583238652378,0.004881022845719653,NA,NA,NA,0.9923621140693968,BH_within_linear_dive_level
pielou_evenness,long,log1p_linear_dive_level,dive,between_dive,18,18,-0.0023357538705983953,0.008599047177584229,-0.27162938199562126,0.789380629937608,0.004590240104728177,NA,NA,NA,0.9917822046453884,BH_within_log1p_linear_dive_level
pct_biotic_all,lat,spearman_dive_level,dive,between_dive,18,18,-0.25077399380804954,NA,1212,0.31551339595948563,NA,NA,NA,NA,0.8676065335789527,BH_within_spearman_dive_level
pct_biotic_all,lat,linear_dive_level,dive,between_dive,18,18,-3.9208767439162835,5.4571186422527935,-0.7184884553467721,0.4828173674773596,0.03125566767365217,NA,NA,NA,0.9923621140693968,BH_within_linear_dive_level
pct_biotic_all,lat,log1p_linear_dive_level,dive,between_dive,18,18,-0.10552879014528173,0.1212474846506815,-0.8703585929993854,0.39697505168524816,0.04520501219470313,NA,NA,NA,0.9917822046453884,BH_within_log1p_linear_dive_level
pct_biotic_all,long,spearman_dive_level,dive,between_dive,18,18,0.1331269349845201,NA,840,0.5984607651208831,NA,NA,NA,NA,0.8676065335789527,BH_within_spearman_dive_level
pct_biotic_all,long,linear_dive_level,dive,between_dive,18,18,0.4037000731190454,2.8703564199189575,0.14064457999625132,0.8899061589901991,0.0012347795521308806,NA,NA,NA,0.9923621140693968,BH_within_linear_dive_level
pct_biotic_all,long,log1p_linear_dive_level,dive,between_dive,18,18,0.010065605532808865,0.06422881761576758,0.15671478794804797,0.8774300659752199,0.0015326177748381732,NA,NA,NA,0.9917822046453884,BH_within_log1p_linear_dive_level
