Layer_01,Layer_02,Layer_03,Layer_04,Layer_05,Layer_06,Layer_07,Layer_08,cpc_codes,kingdom,phylum,class,order,family,taxonomic_resolution,morphology,common_id_short,common_id_mid,common_id_full,releif,substrate,type,size
Anemone,Cnidaria,Anthozoa,Actiniaria,,,,,CNA,Animalia,Cnidaria,Hexacorallia,,,C,,Anemone,Anemone,Anemone,,,,
Anemone,Cnidaria,Anthozoa,Actiniaria,Colonial anemone,,,,CNCA,Animalia,Cnidaria,Hexacorallia,,,C,colonial,Anemone,Anemone_colonial,Anemone_colonial,,,,
Anemone,Cnidaria,Anthozoa,Actiniaria,Colonial anemone,Corallimorphs,,,CNCAC,Animalia,Cnidaria,Hexacorallia,Corallimorpharia,,O,colonial,Anemone,Anemone_colonial,Anemone_colonial_corallimorph,,,,
Anemone,Cnidaria,Anthozoa,Actiniaria,Colonial anemone,Zoanthids,,,CNCAZ,Animalia,Cnidaria,Hexacorallia,Zoantharia,,O,colonial,Anemone,Anemone_colonial,Anemone_colonial_zoanthid,,,,
Anemone,Cnidaria,Anthozoa,Actiniaria,True anemone,,,,CNTR,Animalia,Cnidaria,Hexacorallia,Actiniaria,,O,,Anemone,Anemone_true,Anemone_true,,,,
Anemone,Cnidaria,Anthozoa,Actiniaria,True anemone,Flytrap,,,CNTFT,Animalia,Cnidaria,Hexacorallia,Actiniaria,Actinoscyphiidae,F,flytrap,Anemone,Anemone_true,Anemone_true_flytrap,,,,
Anemone,Cnidaria,Anthozoa,Actiniaria,True anemone,Fourlobed,,,CNTFL,Animalia,Cnidaria,Hexacorallia,Actiniaria,,O,fourlobed,Anemone,Anemone_true,Anemone_true_fourlobed,,,,
Anemone,Cnidaria,Anthozoa,Actiniaria,True anemone,Other anemones,,,CNTRO,Animalia,Cnidaria,Hexacorallia,Actiniaria,,O,,Anemone,Anemone_true,Anemone_true_other,,,,
Anemone,Cnidaria,Anthozoa,Ceriantharia,Tube anemone,,,,CNTU,Animalia,Cnidaria,Hexacorallia,Ceriantharia,,O,tube,Anemone,Anemone_tube,Anemone_tube,,,,
Bacteria,Bacteria,,,,,,,BAC,Bacteria,,,,,K,,Bacteria,Bacteria,Bacteria,,,,
Bacteria,Bacterial mat,,,,,,,BM,Bacteria,,,,,K,mat,Bacteria,Bacteria_mat,Bacteria_mat,,,,
Bacteria,Bacterial mat,Cyanobacteria,,,,,,BMC,Bacteria,Cyanobacteria,,,,P,,Bacteria,Bacteria_cyanobacteria,Bacteria_cyanobacteria,,,,
Bacteria,Bacterial mat,Other,,,,,,BMO,Bacteria,,,,,K,,Bacteria,Bacteria_other,Bacteria_other,,,,
Brachiopod,Brachiopoda,,,,,,,BRA,Animalia,Brachiopoda,,,,P,,Brachiopod,Brachiopod,Brachiopod,,,,
Bryozoan,Bryozoa,,,,,,,BRY,Animalia,Bryozoa,,,,P,,Bryozoan,Bryozoan,Bryozoan,,,,
Bryozoan,Bryozoa,Hard,,,,,,BRYH,Animalia,Bryozoa,,,,P,hard_branching,Bryozoan,Bryozoan_hard,Bryozoan_hard,,,,
Bryozoan,Bryozoa,Hard,Branching,,,,,BRYHB,Animalia,Bryozoa,,,,P,hard_branching,Bryozoan,Bryozoan_hard,Bryozoan_hard_branching,,,,
Bryozoan,Bryozoa,Hard,Encrusting,,,,,BRYHE,Animalia,Bryozoa,,,,P,hard_encrusting,Bryozoan,Bryozoan_hard,Bryozoan_hard_encrusting,,,,
Bryozoan,Bryozoa,Hard,Fenestrate,,,,,BRYHF,Animalia,Bryozoa,,,,P,hard_fenestrate,Bryozoan,Bryozoan_hard,Bryozoan_hard_fenestrate,,,,
Bryozoan,Bryozoa,Hard,Massive,,,,,BRYHM,Animalia,Bryozoa,,,,P,hard_massive,Bryozoan,Bryozoan_hard,Bryozoan_hard_massive,,,,
Bryozoan,Bryozoa,Soft,,,,,,BRYS,Animalia,Bryozoa,Gymnolaemata,Ctenostomatida,,O,soft,Bryozoan,Bryozoan_soft,Bryozoan_soft,,,,
Bryozoan,Bryozoa,Soft,Dendroid,,,,,BRYSD,Animalia,Bryozoa,Gymnolaemata,Ctenostomatida,,O,soft_dendroid,Bryozoan,Bryozoan_soft,Bryozoan_soft_dendroid,,,,
Bryozoan,Bryozoa,Soft,Foliaceous,,,,,BRYSF,Animalia,Bryozoa,Gymnolaemata,Ctenostomatida,,O,soft_foliaceous,Bryozoan,Bryozoan_soft,Bryozoan_soft_foliaceous,,,,
Coral,Cnidaria,,,,,,,CN,Animalia,Cnidaria,,,,P,,Coral,Coral,Coral,,,,
Coral,Cnidaria,Anthozoa,,,,,,C,Animalia,Cnidaria,,,,P,,Coral,Coral_anthozoans,Coral,,,,
Coral,Cnidaria,Anthozoa,Black coral,Antipatharia,,,,CB,Animalia,Cnidaria,Hexacorallia,Antipatharia,,O,,Coral,Coral_black,Coral_black_,,,,
Coral,Cnidaria,Anthozoa,Black coral,Antipatharia,Blue coral (Heliopora),,,CBBH,Animalia,Cnidaria,Hexacorallia,Antipatharia,,O,blue,Coral,Coral_black,Coral_black_blue,,,,
Coral,Cnidaria,Anthozoa,Black coral,Antipatharia,Branching (3D),,,CBB,Animalia,Cnidaria,Hexacorallia,Antipatharia,,O,branching3D,Coral,Coral_black,Coral_black_branching3D,,,,
Coral,Cnidaria,Anthozoa,Black coral,Antipatharia,Branching (3D),Fleshy,,CBBF,Animalia,Cnidaria,Hexacorallia,Antipatharia,,O,branching3D_felshy,Coral,Coral_black,Coral_black_branching3D_felshy,,,,
Coral,Cnidaria,Anthozoa,Black coral,Antipatharia,Branching (3D),Fleshy,Arborescent,CBBFA,Animalia,Cnidaria,Hexacorallia,Antipatharia,,O,branching3D_fleshy_arborescent,Coral,Coral_black,Coral_black_branching3D_fleshy_arborescent,,,,
Coral,Cnidaria,Anthozoa,Black coral,Antipatharia,Branching (3D),Fleshy,Mushroom,CBBFM,Animalia,Cnidaria,Hexacorallia,Antipatharia,,O,branching3D_mushroom,Coral,Coral_black,Coral_black_branching3D_mushroom,,,,
Coral,Cnidaria,Anthozoa,Black coral,Antipatharia,Branching (3D),Non-fleshy,,CBBN,Animalia,Cnidaria,Hexacorallia,Antipatharia,,O,branching3D_nonfleshy,Coral,Coral_black,Coral_black_branching3D_nonfleshy,,,,
Coral,Cnidaria,Anthozoa,Black coral,Antipatharia,Branching (3D),Non-fleshy,Arborescent,CBBNA,Animalia,Cnidaria,Hexacorallia,Antipatharia,,O,branching3D_nonfleshy_arborescent,Coral,Coral_black,Coral_black_branching3D_nonfleshy_arborescent,,,,
Coral,Cnidaria,Anthozoa,Black coral,Antipatharia,Branching (3D),Non-fleshy,Bottle-brush,CBNB,Animalia,Cnidaria,Hexacorallia,Antipatharia,,O,branching3D_nonfleshy_bottlebrush,Coral,Coral_black,Coral_black_branching3D_nonfleshy_bottlebrush,,,,
Coral,Cnidaria,Anthozoa,Black coral,Antipatharia,Branching (3D),Non-fleshy,Bottle-brush,CBNBC,Animalia,Cnidaria,Hexacorallia,Antipatharia,,O,branching3D_nonfleshy_bottlebrush_complex,Coral,Coral_black,Coral_black_branching3D_nonfleshy_bottlebrush_complex,,,,
Coral,Cnidaria,Anthozoa,Black coral,Antipatharia,Branching (3D),Non-fleshy,Bottle-brush,CBNBS,Animalia,Cnidaria,Hexacorallia,Antipatharia,,O,branching3D_nonfleshy_bottlebrush_simple,Coral,Coral_black,Coral_black_branching3D_nonfleshy_bottlebrush_simple,,,,
Coral,Cnidaria,Anthozoa,Black coral,Antipatharia,Branching (3D),Non-fleshy,Bushy,CBNBU,Animalia,Cnidaria,Hexacorallia,Antipatharia,,O,branching3D_nonfleshy_bushy,Coral,Coral_black,Coral_black_branching3D_nonfleshy_bushy,,,,
Coral,Cnidaria,Anthozoa,Black coral,Antipatharia,Encrusting,,,CBE,Animalia,Cnidaria,Hexacorallia,Antipatharia,,O,encrusting,Coral,Coral_black,Coral_black_encrusting,,,,
Coral,Cnidaria,Anthozoa,Black coral,Antipatharia,Fan (2D),,,CBF,Animalia,Cnidaria,Hexacorallia,Antipatharia,,O,fan2D,Coral,Coral_black,Coral_black_fan2D,,,,
Coral,Cnidaria,Anthozoa,Black coral,Antipatharia,Fan (2D),Fern-frond,,CBFF,Animalia,Cnidaria,Hexacorallia,Antipatharia,,O,fan2D_fernfrond,Coral,Coral_black,Coral_black_fan2D_fernfrond,,,,
Coral,Cnidaria,Anthozoa,Black coral,Antipatharia,Fan (2D),Fern-frond,Complex,CBFFC,Animalia,Cnidaria,Hexacorallia,Antipatharia,,O,fan2D_fernfrond_complex,Coral,Coral_black,Coral_black_fan2D_fernfrond_complex,,,,
Coral,Cnidaria,Anthozoa,Black coral,Antipatharia,Fan (2D),Fern-frond,Simple,CBFFS,Animalia,Cnidaria,Hexacorallia,Antipatharia,,O,fan2D_fernfrond_simple,Coral,Coral_black,Coral_black_fan2D_fernfrond_simple,,,,
Coral,Cnidaria,Anthozoa,Black coral,Antipatharia,Fan (2D),Rigid,,CBFR,Animalia,Cnidaria,Hexacorallia,Antipatharia,,O,fan2D_rigid,Coral,Coral_black,Coral_Coral_black_fan2D_rigid,,,,
Coral,Cnidaria,Anthozoa,Black coral,Antipatharia,Massive soft corals,,,CBM,Animalia,Cnidaria,Hexacorallia,Antipatharia,,O,massivesoft,Coral,Coral_black,Coral_black_massivesoft,,,,
Coral,Cnidaria,Anthozoa,Black coral,Antipatharia,Organ pipe coral (Tubipora),,,CBOT,Animalia,Cnidaria,Hexacorallia,Antipatharia,,O,tube,Coral,Coral_black,Coral_black_tube,,,,
Coral,Cnidaria,Anthozoa,Black coral,Antipatharia,Quill (seapen),,,CBQ,Animalia,Cnidaria,Hexacorallia,Antipatharia,,O,pen,Coral,Coral_black,Coral_black_pen,,,,
Coral,Cnidaria,Anthozoa,Black coral,Antipatharia,Whip,,,CBW,Animalia,Cnidaria,Hexacorallia,Antipatharia,,O,whip,Coral,Coral_black,Coral_black_whip,,,,
Coral,Cnidaria,Anthozoa,Octocoral,Octocorallia / Alcyonacea,,,,CB,Animalia,Cnidaria,Octocorallia,,,C,,Coral,Coral_octocoral,Coral_octocoral,,,,
Coral,Cnidaria,Anthozoa,Octocoral,Octocorallia / Alcyonacea,Blue coral (Heliopora),,,CBBH,Animalia,Cnidaria,Octocorallia,Scleralcyonacea,Helioporidae,F,heliopora_blue,Coral,Coral_octocoral,Coral_octocoral_heliopora_blue,,,,
Coral,Cnidaria,Anthozoa,Octocoral,Octocorallia / Alcyonacea,Branching (3D),,,CBB,Animalia,Cnidaria,Octocorallia,,,C,branching3D,Coral,Coral_octocoral,Coral_octocoral_branching3D,,,,
Coral,Cnidaria,Anthozoa,Octocoral,Octocorallia / Alcyonacea,Branching (3D),Fleshy,,CBBF,Animalia,Cnidaria,Octocorallia,,,C,branching3D_felshy,Coral,Coral_octocoral,Coral_octocoral_branching3D_felshy,,,,
Coral,Cnidaria,Anthozoa,Octocoral,Octocorallia / Alcyonacea,Branching (3D),Fleshy,Arborescent,CBBFA,Animalia,Cnidaria,Octocorallia,,,C,branching3D_fleshy_arborescent,Coral,Coral_octocoral,Coral_octocoral_branching3D_fleshy_arborescent,,,,
Coral,Cnidaria,Anthozoa,Octocoral,Octocorallia / Alcyonacea,Branching (3D),Fleshy,Mushroom,CBBFM,Animalia,Cnidaria,Octocorallia,,,C,branching3D_mushroom,Coral,Coral_octocoral,Coral_octocoral_branching3D_mushroom,,,,
Coral,Cnidaria,Anthozoa,Octocoral,Octocorallia / Alcyonacea,Branching (3D),Non-fleshy,,CBBN,Animalia,Cnidaria,Octocorallia,,,C,branching3D_nonfleshy,Coral,Coral_octocoral,Coral_octocoral_branching3D_nonfleshy,,,,
Coral,Cnidaria,Anthozoa,Octocoral,Octocorallia / Alcyonacea,Branching (3D),Non-fleshy,Arborescent,CBBNA,Animalia,Cnidaria,Octocorallia,,,C,branching3D_nonfleshy_arborescent,Coral,Coral_octocoral,Coral_octocoral_branching3D_nonfleshy_arborescent,,,,
Coral,Cnidaria,Anthozoa,Octocoral,Octocorallia / Alcyonacea,Branching (3D),Non-fleshy,Bottle-brush,CBNB,Animalia,Cnidaria,Octocorallia,,,C,branching3D_nonfleshy_bottlebrush,Coral,Coral_octocoral,Coral_octocoral_branching3D_nonfleshy_bottlebrush,,,,
Coral,Cnidaria,Anthozoa,Octocoral,Octocorallia / Alcyonacea,Branching (3D),Non-fleshy,Bottle-brush,CBNBC,Animalia,Cnidaria,Octocorallia,,,C,branching3D_nonfleshy_bottlebrush_complex,Coral,Coral_octocoral,Coral_octocoral_branching3D_nonfleshy_bottlebrush_complex,,,,
Coral,Cnidaria,Anthozoa,Octocoral,Octocorallia / Alcyonacea,Branching (3D),Non-fleshy,Bottle-brush,CBNBS,Animalia,Cnidaria,Octocorallia,,,C,branching3D_nonfleshy_bottlebrush_simple,Coral,Coral_octocoral,Coral_octocoral_branching3D_nonfleshy_bottlebrush_simple,,,,
Coral,Cnidaria,Anthozoa,Octocoral,Octocorallia / Alcyonacea,Branching (3D),Non-fleshy,Bushy,CBNBU,Animalia,Cnidaria,Octocorallia,,,C,branching3D_nonfleshy_bushy,Coral,Coral_octocoral,Coral_octocoral_branching3D_nonfleshy_bushy,,,,
Coral,Cnidaria,Anthozoa,Octocoral,Octocorallia / Alcyonacea,Encrusting,,,CBE,Animalia,Cnidaria,Octocorallia,,,C,encrusting,Coral,Coral_octocoral,Coral_octocoral_encrusting,,,,
Coral,Cnidaria,Anthozoa,Octocoral,Octocorallia / Alcyonacea,Fan (2D),,,CBF,Animalia,Cnidaria,Octocorallia,,,C,fan2D,Coral,Coral_octocoral,Coral_octocoral_fan2D,,,,
Coral,Cnidaria,Anthozoa,Octocoral,Octocorallia / Alcyonacea,Fan (2D),Fern-frond,,CBFF,Animalia,Cnidaria,Octocorallia,,,C,fan2D_fernfrond,Coral,Coral_octocoral,Coral_octocoral_fan2D_fernfrond,,,,
Coral,Cnidaria,Anthozoa,Octocoral,Octocorallia / Alcyonacea,Fan (2D),Fern-frond,Complex,CBFFC,Animalia,Cnidaria,Octocorallia,,,C,fan2D_fernfrond_complex,Coral,Coral_octocoral,Coral_octocoral_fan2D_fernfrond_complex,,,,
Coral,Cnidaria,Anthozoa,Octocoral,Octocorallia / Alcyonacea,Fan (2D),Fern-frond,Simple,CBFFS,Animalia,Cnidaria,Octocorallia,,,C,fan2D_fernfrond_simple,Coral,Coral_octocoral,Coral_octocoral_fan2D_fernfrond_simple,,,,
Coral,Cnidaria,Anthozoa,Octocoral,Octocorallia / Alcyonacea,Fan (2D),Rigid,,CBFR,Animalia,Cnidaria,Octocorallia,,,C,fan2D_rigid,Coral,Coral_octocoral,Coral_octocoral_fan2D_rigid,,,,
Coral,Cnidaria,Anthozoa,Octocoral,Octocorallia / Alcyonacea,Massive soft corals,,,CBM,Animalia,Cnidaria,Octocorallia,,,C,massivesoft,Coral,Coral_octocoral,Coral_octocoral_massivesoft,,,,
Coral,Cnidaria,Anthozoa,Octocoral,Octocorallia / Alcyonacea,Organ pipe coral (Tubipora),,,CBOT,Animalia,Cnidaria,Octocorallia,Malacalcyonacea,Tubiporidae,F,tubipora,Coral,Coral_octocoral,Coral_octocoral_tubipora,,,,
Coral,Cnidaria,Anthozoa,Octocoral,Octocorallia / Alcyonacea,Quill (seapen),Pennatulacea,,CBQ,Animalia,Cnidaria,Octocorallia,Scleralcyonacea,Pennatuloidea,F,seapen_pennatulacea,Coral,Coral_octocoral,Coral_octocoral_seapen_pennatulacea,,,,
Coral,Cnidaria,Anthozoa,Octocoral,Octocorallia / Alcyonacea,Whip,Pennatulacea,,CBW,Animalia,Cnidaria,Octocorallia,Scleralcyonacea,Pennatuloidea,F,whip_pennatulacea,Coral,Coral_octocoral,Coral_octocoral_whip_pennatulacea,,,,
Coral,Cnidaria,Anthozoa,Stony coral,Scleractinia,,,,CS,Animalia,Cnidaria,Hexacorallia,Scleractinia,,O,,Coral,Coral_stony,Coral_stony,,,,
Coral,Cnidaria,Anthozoa,Stony coral,Scleractinia,Bottlebrush,,,CSBO,Animalia,Cnidaria,Hexacorallia,Scleractinia,,O,bottlebrush,Coral,Coral_stony,Coral_stony_bottlebrush,,,,
Coral,Cnidaria,Anthozoa,Stony coral,Scleractinia,Branching,,,CSBR,Animalia,Cnidaria,Hexacorallia,Scleractinia,,O,branching,Coral,Coral_stony,Coral_stony_branching,,,,
Coral,Cnidaria,Anthozoa,Stony coral,Scleractinia,Columnar,,,CSCOL,Animalia,Cnidaria,Hexacorallia,Scleractinia,,O,columnar,Coral,Coral_stony,Coral_stony_columnar,,,,
Coral,Cnidaria,Anthozoa,Stony coral,Scleractinia,Corymbose,,,CSCOR,Animalia,Cnidaria,Hexacorallia,Scleractinia,,O,corymbose,Coral,Coral_stony,Coral_stony_corymbose,,,,
Coral,Cnidaria,Anthozoa,Stony coral,Scleractinia,Digitate,,,CSD,Animalia,Cnidaria,Hexacorallia,Scleractinia,,O,digitate,Coral,Coral_stony,Coral_stony_digitate,,,,
Coral,Cnidaria,Anthozoa,Stony coral,Scleractinia,Encrusting,,,CSE,Animalia,Cnidaria,Hexacorallia,Scleractinia,,O,encrusting,Coral,Coral_stony,Coral_stony_encrusting,,,,
Coral,Cnidaria,Anthozoa,Stony coral,Scleractinia,Foliose / plate,,,CSF,Animalia,Cnidaria,Hexacorallia,Scleractinia,,O,folioseplate,Coral,Coral_stony,Coral_stony_folioseplate,,,,
Coral,Cnidaria,Anthozoa,Stony coral,Scleractinia,Massive,,,CSM,Animalia,Cnidaria,Hexacorallia,Scleractinia,,O,massive,Coral,Coral_stony,Coral_stony_massive,,,,
Coral,Cnidaria,Anthozoa,Stony coral,Scleractinia,Solitary,,,CSSO,Animalia,Cnidaria,Hexacorallia,Scleractinia,,O,solitary,Coral,Coral_stony,Coral_stony_solitary,,,,
Coral,Cnidaria,Anthozoa,Stony coral,Scleractinia,Solitary,Attached,,CSSOA,Animalia,Cnidaria,Hexacorallia,Scleractinia,,O,solitary_attached,Coral,Coral_stony,Coral_stony_solitary_attached,,,,
Coral,Cnidaria,Anthozoa,Stony coral,Scleractinia,Solitary,Free-living,,CSSOF,Animalia,Cnidaria,Hexacorallia,Scleractinia,,O,solitary_freeliving,Coral,Coral_stony,Coral_stony_solitary_freeliving,,,,
Coral,Cnidaria,Anthozoa,Stony coral,Scleractinia,Solitary,Mushroom (Fungiidae),,CSSOM,Animalia,Cnidaria,Hexacorallia,Scleractinia,Fungiidae,F,solitary_mushroom_fungiidae,Coral,Coral_stony,Coral_stony_solitary_mushroom_fungiidae,,,,
Coral,Cnidaria,Anthozoa,Stony coral,Scleractinia,Staghorn,,,CSST,Animalia,Cnidaria,Hexacorallia,Scleractinia,,O,staghorn,Coral,Coral_stony,Coral_stony_staghorn,,,,
Coral,Cnidaria,Anthozoa,Stony coral,Scleractinia,Sub-massive,,,CSSU,Animalia,Cnidaria,Hexacorallia,Scleractinia,,O,submassive,Coral,Coral_stony,Coral_stony_submassive,,,,
Coral,Cnidaria,Anthozoa,Stony coral,Scleractinia,Tabulate,,,CST,Animalia,Cnidaria,Hexacorallia,Scleractinia,,O,tabulate,Coral,Coral_stony,Coral_stony_tabulate,,,,
Coral,Cnidaria,Hydrozoa,Hydrocoral,Hydrocorallina,,,,CNHYC,Animalia,Cnidaria,Hydrozoa,Anthoathecata,,O,,Coral,Coral_hydrocoral,Coral_hydrocoral,,,,
Coral,Cnidaria,Hydrozoa,Hydrocoral,Hydrocorallina,Branching,,,CNHYCB,Animalia,Cnidaria,Hydrozoa,Anthoathecata,,O,branching,Coral,Coral_hydrocoral,Coral_hydrocoral_branching,,,,
Coral,Cnidaria,Hydrozoa,Hydrocoral,Hydrocorallina,Submassive / encrusting,,,CNHYCS,Animalia,Cnidaria,Hydrozoa,Anthoathecata,,O,encrusting,Coral,Coral_hydrocoral,Coral_hydrocoral_encrusting,,,,
Crustacean,Crustacea,,,,,,,CR,Animalia,Arthropoda,,,,P,,Crustacean,Crustacea,Crustacea,,,,
Crustacean,Crustacea,Barnacle,,,,,,CRB,Animalia,Arthropoda,Thecostraca,,,C,,Crustacean,Crustacea_barnacle,Crustacea_barnacle,,,,
Crustacean,Crustacea,Barnacle,Acorn,,,,,CRBA,Animalia,Arthropoda,Thecostraca,Balanomorpha,,O,acorn,Crustacean,Crustacea_barnacle,Crustacea_barnacle_acorn,,,,
Crustacean,Crustacea,Barnacle,Stalked,,,,,CRBS,Animalia,Arthropoda,Thecostraca,Scalpellomorpha,,O,stalked,Crustacean,Crustacea_barnacle,Crustacea_barnacle_stalked,,,,
Crustacean,Crustacea,Decapod,Decapoda,Crab,,,,CRC,Animalia,Arthropoda,Malacostraca,Decapoda,,O,,Crustacean,Crustacea_decapod,Crustacea_decapod_crab,,,,
Crustacean,Crustacea,Decapod,Decapoda,Crab,King crab,,,CRCK,Animalia,Arthropoda,Malacostraca,Decapoda,Lithodidae,F,,Crustacean,Crustacea_decapod,Crustacea_decapod_crab_king,,,,
Crustacean,Crustacea,Decapod,Decapoda,Crab,Porcelain crab,,,CRCP,Animalia,Arthropoda,Malacostraca,Decapoda,Porcellanidae,F,,Crustacean,Crustacea_decapod,Crustacea_decapod_crab_porcelain,,,,
Crustacean,Crustacea,Decapod,Decapoda,Crab,True crab,,,CRCT,Animalia,Arthropoda,Malacostraca,Decapoda,,O,,Crustacean,Crustacea_decapod,Crustacea_decapod_crab_true,,,,
Crustacean,Crustacea,Decapod,Decapoda,Hermit crab,,,,CRH,Animalia,Arthropoda,Malacostraca,Decapoda,,O,,Crustacean,Crustacea_decapod,Crustacea_decapod_crab_hermit,,,,
Crustacean,Crustacea,Decapod,Decapoda,Hermit crab,With anemones,,,CRHWZ,Animalia,Arthropoda,Malacostraca,Decapoda,,O,withanemones,Crustacean,Crustacea_decapod,Crustacea_decapod_crab_hermit_withanemones,,,,
Crustacean,Crustacea,Decapod,Decapoda,Hermit crab,With shell or stone home,,,CRHGS,Animalia,Arthropoda,Malacostraca,Decapoda,,O,althome,Crustacean,Crustacea_decapod,Crustacea_decapod_crab_hermit_althome,,,,
Crustacean,Crustacea,Decapod,Decapoda,Lobster,,,,CRL,Animalia,Arthropoda,Malacostraca,Decapoda,,O,,Crustacean,Crustacea_decapod,Crustacea_decapod_lobster,,,,
Crustacean,Crustacea,Decapod,Decapoda,Lobster,Rock lobster,,,CRLR,Animalia,Arthropoda,Malacostraca,Decapoda,Palinuridae,F,,Crustacean,Crustacea_decapod,Crustacea_decapod_lobster_rock,,,,
Crustacean,Crustacea,Decapod,Decapoda,Lobster,Slipper lobster / bug,,,CRLSL,Animalia,Arthropoda,Malacostraca,Decapoda,Scyllaridae,F,,Crustacean,Crustacea_decapod,Crustacea_decapod_lobster_slipperbug,,,,
Crustacean,Crustacea,Decapod,Decapoda,Lobster,Squat lobster,,,CRLSQ,Animalia,Arthropoda,Malacostraca,Decapoda,,O,,Crustacean,Crustacea_decapod,Crustacea_decapod_lobster_squat,,,,
Crustacean,Crustacea,Decapod,Decapoda,Lobster,True lobster,,,CRLT,Animalia,Arthropoda,Malacostraca,Decapoda,Nephropidae,F,,Crustacean,Crustacea_decapod,Crustacea_decapod_lobster_true,,,,
Crustacean,Crustacea,Decapod,Decapoda,Prawn / shrimp,,,,CRP,Animalia,Arthropoda,Malacostraca,Decapoda,,O,,Crustacean,Crustacea_decapod,Crustacea_decapod_prawn,,,,
Crustacean,Crustacea,Amphipod,Amphipoda,,,,,AMP,Animalia,Arthropoda,Malacostraca,Amphipoda,,O,,Crustacean,Crustacea_amphipod,Crustacea_amphipod,,,,
Crustacean,Crustacea,Branchiopod,Branchiopoda,,,,,BPD,Animalia,Arthropoda,Branchiopoda,,,C,,Crustacean,Crustacea_branchiopod,Crustacea_branchiopod,,,,
Crustacean,Crustacea,Copepod,Copepoda,,,,,COP,Animalia,Arthropoda,Copepoda,,,C,,Crustacean,Crustacea_copepod,Crustacea_copepod,,,,
Crustacean,Crustacea,Isopod,Isopoda,,,,,ISO,Animalia,Arthropoda,Malacostraca,Isopoda,,O,,Crustacean,Crustacea_isopod,Crustacea_isopod,,,,
Crustacean,Crustacea,Mysid,Mysida,,,,,MYS,Animalia,Arthropoda,Malacostraca,Mysida,,O,,Crustacean,Crustacea_mysid,Crustacea_mysid,,,,
Crustacean,Crustacea,Ostracod,Ostracoda,,,,,OST,Animalia,Arthropoda,Ostracoda,,,C,,Crustacean,Crustacea_ostracod,Crustacea_ostracod,,,,
Echinoderm,Echinodermata,,,,,,,E,Animalia,Echinodermata,,,,P,,Echinoderm,Echinoderm,Echinoderm,,,,
Echinoderm,Echinodermata,Crinoid,Crinoidea,,,,,EF,Animalia,Echinodermata,Crinoidea,,,C,,Echinoderm,Echinoderm_crinoid,Echinoderm_crinoid,,,,
Echinoderm,Echinodermata,Crinoid,Crinoidea,Stalked crinoid,Crinoidea,,,EFS,Animalia,Echinodermata,Crinoidea,,,C,stalked,Echinoderm,Echinoderm_crinoid,Echinoderm_crinoid_stalked,,,,
Echinoderm,Echinodermata,Crinoid,Crinoidea,Unstalked crinoid,Crinoidea,,,EFU,Animalia,Echinodermata,Crinoidea,,,C,unstalked,Echinoderm,Echinoderm_crinoid,Echinoderm_crinoid_unstalked,,,,
Echinoderm,Echinodermata,Ophiuroid,Ophiuroidea,,,,,EO,Animalia,Echinodermata,Ophiuroidea,,,C,,Echinoderm,Echinoderm_ophiuroid,Echinoderm_ophiuroid,,,,
Echinoderm,Echinodermata,Ophiuroid,Ophiuroidea,Basket star,,,,EOBS,Animalia,Echinodermata,Ophiuroidea,Euryalida,,O,,Echinoderm,Echinoderm_ophiuroid,Echinoderm_basketstar,,,,
Echinoderm,Echinodermata,Ophiuroid,Ophiuroidea,Brittle / snake star,,,,EOBSS,Animalia,Echinodermata,Ophiuroidea,,,C,,Echinoderm,Echinoderm_ophiuroid,Echinoderm_brittlestar,,,,
Echinoderm,Echinodermata,Sea cucumber,Holothuroidea,,,,,ESC,Animalia,Echinodermata,Holothuroidea,,,C,,Echinoderm,Echinoderm_cucumber,Echinoderm_cucumber,,,,
Echinoderm,Echinodermata,Sea cucumber,Holothuroidea,Benthic,,,,ESCB,Animalia,Echinodermata,Holothuroidea,,,C,benthic,Echinoderm,Echinoderm_cucumber,Echinoderm_cucumber_benthic,,,,
Echinoderm,Echinodermata,Sea cucumber,Holothuroidea,Pelagic / swimming,,,,ESCP,Animalia,Echinodermata,Holothuroidea,,,C,pelagic,Echinoderm,Echinoderm_cucumber,Echinoderm_cucumber_pelagic,,,,
Echinoderm,Echinodermata,Sea star,Asteroidea,,,,,ESS,Animalia,Echinodermata,Asteroidea,,,C,,Echinoderm,Echinoderm_seastar,Echinoderm_seastar,,,,
Echinoderm,Echinodermata,Sea star,Asteroidea,Sun star,,,,SUN,Animalia,Echinodermata,Asteroidea,Valvatida,Solasteridae,F,,Echinoderm,Echinoderm_sunstar,Echinoderm_sunstar,,,,
Echinoderm,Echinodermata,Sea urchin,Echinoidea,,,,,ESU,Animalia,Echinodermata,Echinoidea,,,C,,Echinoderm,Echinoderm_urchin,Echinoderm_urchin,,,,
Echinoderm,Echinodermata,Sea urchin,Echinoidea,Irregular urchin,,,,ESUI,Animalia,Echinodermata,Echinoidea,,,C,,Echinoderm,Echinoderm_urchin,Echinoderm_iIrregularurchin,,,,
Echinoderm,Echinodermata,Sea urchin,Echinoidea,Regular urchin,,,,ESUR,Animalia,Echinodermata,Echinoidea,,,C,,Echinoderm,Echinoderm_urchin,Echinoderm_regularurchin,,,,
Fish,Pisces,,,,,,,F,Animalia,Chordata,Teleostei,,,C,,Fish,Fish_bony,Fish_chordara_teleostei,,,,
Fish,Pisces,Bony fish,,,,,,FB,Animalia,Chordata,Teleostei,,,C,,Fish,Fish_bony,Fish_chordara_teleostei_bony,,,,
Fish,Pisces,Eel,,,,,,FEE,Animalia,Chordata,Teleostei,Anguilliformes,,O,,Fish,Fish_bony,Fish_chordara_teleostei_eel,,,,
Fish,Pisces,Elasmobranch,,,,,,FEL,Animalia,Chordata,Elasmobranchii,,,C,,Fish,Fish_elasmobranch,Fish_chordara_vertebrata_pisces_elasmobranch,,,,
Fish,Pisces,Elasmobranch,,Chimaera,,,,FELC,Animalia,Chordata,Holocephali,Chimaeriformes,,O,,Fish,Fish_elasmobranch,Fish_chordara_vertebrata_pisces_elasmobranch_chimaera,,,,
Fish,Pisces,Elasmobranch,,Ray / skate,,,,FELR,Animalia,Chordata,Elasmobranchii,,,C,,Fish,Fish_elasmobranch,Fish_chordara_vertebrata_pisces_elasmobranch_rayskate,,,,
Fish,Pisces,Elasmobranch,,Shark,,,,FELS,Animalia,Chordata,Elasmobranchii,,,C,,Fish,Fish_elasmobranch,Fish_chordara_vertebrata_pisces_elasmobranch_shark,,,,
Hydroid,Cnidaria,Hydrozoa,,,,,,CNHYD,Animalia,Cnidaria,Hydrozoa,,,C,,Hydroid,Hydroid,Hydroid_hydrozoa,,,,
Jelly,Cnidaria,,,,,,,J,Animalia,,,,,K,,Jelly,Jelly,Jelly,,,,
Jelly,Cnidaria,Scyphozoa,True jelly,,,,,JSC,Animalia,Cnidaria,Scyphozoa,,,C,,Jelly,Jelly_scyphozoa,Jelly_scyphozoa_true,,,,
Jelly,Cnidaria,Ctenophora,Comb jelly,Ctenophore,,,,JCT,Animalia,Ctenophora,,,,P,,Jelly,Jelly_ctenophora,Jelly_ctenophora_comb,,,,
Jelly,Cnidaria,Cubozoa,Box jelly,,,,,JCU,Animalia,Cnidaria,Cubozoa,,,C,,Jelly,Jelly_cubozoa,Jelly_cubozoa_box,,,,
Jelly,Cnidaria,Hydromedusae,,,,,,JH,Animalia,Cnidaria,Hydrozoa,,,C,,Jelly,Jelly_hydromedusae,Jelly_hydromedusae,,,,
Jelly,Cnidaria,Pyrosome,,,,,,JP,Animalia,Chordata,Thaliacea,Pyrosomatida,Pyrosomatidae,F,,Jelly,Jelly_pyrosome,Jelly_pyrosome,,,,
Jelly,Cnidaria,Salp,,,,,,JSA,Animalia,Chordata,Thaliacea,Salpida,Salpidae,F,,Jelly,Jelly_salp,Jelly_salp,,,,
Jelly,Cnidaria,Siphonophore,Hydrozoa,Siphonophorae,,,,JSI,Animalia,Cnidaria,Hydrozoa,Siphonophorae,,O,,Jelly,Jelly_siphonophore,Jelly_siphonophore_hydrozoa,,,,
Macroalgae,Macroalgae,,,,,,,MA,Plantae,,,,,K,,Macroalgae,Macroalgae,Macroalgae,,,,
Macroalgae,Articulated calcareous,,,,,,,MAA,Plantae,,,,,K,articulated_calcareous,Macroalgae,Macroalgae,Macroalgae_articulated_calcareous,,,,
Macroalgae,Articulated calcareous,Green,,,,,,MAAG,Plantae,Chlorophyta,,,,P,articulated_calcareous,Macroalgae,Macroalgae_green,Macroalgae_articulated_calcareous_green,,,,
Macroalgae,Articulated calcareous,Red,,,,,,MAAR,Plantae,Rhodophyta,,,,P,articulated_calcareous,Macroalgae,Macroalgae_red,Macroalgae_articulated_calcareous_red,,,,
Macroalgae,Encrusting,,,,,,,MAEN,Plantae,,,,,K,encrusting,Macroalgae,Macroalgae,Macroalgae_encrusting,,,,
Macroalgae,Encrusting,Brown,,,,,,MAENB,Chromista,Ochrophyta,Phaeophyceae,,,C,encrusting,Macroalgae,Macroalgae_brown,Macroalgae_encrusting_brown,,,,
Macroalgae,Encrusting,Green,,,,,,MAENG,Plantae,Chlorophyta,,,,P,encrusting,Macroalgae,Macroalgae_green,Macroalgae_encrusting_green,,,,
Macroalgae,Encrusting,Red,,,,,,MAENR,Plantae,Rhodophyta,,,,P,encrusting,Macroalgae,Macroalgae_red,Macroalgae_encrusting_red,,,,
Macroalgae,Encrusting,Red,Calcareous,,,,,MAENRC,Plantae,Rhodophyta,,,,P,encrusting_calcareous,Macroalgae,Macroalgae_red,Macroalgae_encrusting_red_calcareous,,,,
Macroalgae,Encrusting,Red,Non-calcareous,,,,,MEANRNC,Plantae,Rhodophyta,,,,P,encrusting_noncalcareous,Macroalgae,Macroalgae_red,Macroalgae_encrusting_red_noncalcareous,,,,
Macroalgae,Erect coarse branching,,,,,,,MAEC,Plantae,,,,,K,erect_coarse_branching,Macroalgae,Macroalgae,Macroalgae_erect_coarse_branching,,,,
Macroalgae,Erect coarse branching,Brown,,,,,,MAECB,Chromista,Ochrophyta,Phaeophyceae,,,C,erect_coarse_branching,Macroalgae,Macroalgae_brown,Macroalgae_erect_coarse_branching_brown,,,,
Macroalgae,Erect coarse branching,Green,,,,,,MAECG,Plantae,Chlorophyta,,,,P,erect_coarse_branching,Macroalgae,Macroalgae_green,Macroalgae_erect_coarse_branching_green,,,,
Macroalgae,Erect coarse branching,Red,,,,,,MAECR,Plantae,Rhodophyta,,,,P,erect_coarse_branching,Macroalgae,Macroalgae_red,Macroalgae_erect_coarse_branching_red,,,,
Macroalgae,Erect fine branching,,,,,,,MAEF,Plantae,,,,,K,erect_fine_branching,Macroalgae,Macroalgae,Macroalgae_erect_fine_branching,,,,
Macroalgae,Erect fine branching,Brown,,,,,,MAEFB,Chromista,Ochrophyta,Phaeophyceae,,,C,erect_fine_branching,Macroalgae,Macroalgae_brown,Macroalgae_erect_fine_branching_brown,,,,
Macroalgae,Erect fine branching,Green,,,,,,MAEFG,Plantae,Chlorophyta,,,,P,erect_fine_branching,Macroalgae,Macroalgae_green,Macroalgae_erect_fine_branching_green,,,,
Macroalgae,Erect fine branching,Red,,,,,,MAEFR,Plantae,Rhodophyta,,,,P,erect_fine_branching,Macroalgae,Macroalgae_red,Macroalgae_erect_fine_branching_red,,,,
Macroalgae,Filamentous / filiform,,,,,,,MAF,Plantae,,,,,K,filamentous,Macroalgae,Macroalgae,Macroalgae_filamentous,,,,
Macroalgae,Filamentous / filiform,Brown,,,,,,MAFB,Chromista,Ochrophyta,Phaeophyceae,,,C,filamentous,Macroalgae,Macroalgae_brown,Macroalgae_filamentous_brown,,,,
Macroalgae,Filamentous / filiform,Green,,,,,,MAFG,Plantae,Chlorophyta,,,,P,filamentous,Macroalgae,Macroalgae_green,Macroalgae_filamentous_green,,,,
Macroalgae,Filamentous / filiform,Red,,,,,,MAFR,Plantae,Rhodophyta,,,,P,filamentous,Macroalgae,Macroalgae_red,Macroalgae_filamentous_red,,,,
Macroalgae,Globose / saccate,,,,,,,MAG,Plantae,,,,,K,globose,Macroalgae,Macroalgae,Macroalgae_globose,,,,
Macroalgae,Globose / saccate,Brown,,,,,,MAGB,Chromista,Ochrophyta,Phaeophyceae,,,C,globose,Macroalgae,Macroalgae_brown,Macroalgae_globose_brown,,,,
Macroalgae,Globose / saccate,Green,,,,,,MAGG,Plantae,Chlorophyta,,,,P,globose,Macroalgae,Macroalgae_green,Macroalgae_globose_green,,,,
Macroalgae,Globose / saccate,Red,,,,,,MAGR,Plantae,Rhodophyta,,,,P,globose,Macroalgae,Macroalgae_red,Macroalgae_globose_red,,,,
Macroalgae,Laminate,,,,,,,MALA,Plantae,,,,,K,laminate,Macroalgae,Macroalgae,Macroalgae_laminate,,,,
Macroalgae,Laminate,Brown,,,,,,MALAB,Chromista,Ochrophyta,Phaeophyceae,,,K,laminate,Macroalgae,Macroalgae_brown,Macroalgae_laminate_brown,,,,
Macroalgae,Laminate,Green,,,,,,MALAG,Plantae,Chlorophyta,,,,C,laminate,Macroalgae,Macroalgae_green,Macroalgae_laminate_green,,,,
Macroalgae,Laminate,Red,,,,,,MALAR,Plantae,Rhodophyta,,,,P,laminate,Macroalgae,Macroalgae_red,Macroalgae_laminate_red,,,,
Macroalgae,Large canopy-forming,,,,,,,MALC,Plantae,,,,,P,canopyforming,Macroalgae,Macroalgae,Macroalgae_canopyforming,,,,
Macroalgae,Large canopy-forming,Brown,,,,,,MALCB,Chromista,Ochrophyta,Phaeophyceae,,,C,canopyforming,Macroalgae,Macroalgae_brown,Macroalgae_canopyforming_brown,,,,
Macroalgae,Sheet-like / membraneous,,,,,,,MAS,Plantae,,,,,K,sheetmembraneous,Macroalgae,Macroalgae,Macroalgae_sheetmembraneous,,,,
Macroalgae,Sheet-like / membraneous,Brown,,,,,,MASB,Chromista,Ochrophyta,Phaeophyceae,,,C,sheetmembraneous,Macroalgae,Macroalgae_brown,Macroalgae_sheetmembraneous_brown,,,,
Macroalgae,Sheet-like / membraneous,Green,,,,,,MASG,Plantae,Chlorophyta,,,,P,sheetmembraneous,Macroalgae,Macroalgae_green,Macroalgae_sheetmembraneous_green,,,,
Macroalgae,Sheet-like / membraneous,Red,,,,,,MASR,Plantae,Rhodophyta,,,,P,sheetmembraneous,Macroalgae,Macroalgae_red,Macroalgae_sheetmembraneous_red,,,,
Mollusc,Mollusca,,,,,,,MO,Animalia,Mollusca,,,,P,,Mollusc,Mollusc,Mollusc,,,,
Mollusc,Mollusca,Bivalvia,Bivalve,,,,,MOB,Animalia,Mollusca,Bivalvia,,,C,,Mollusc,Mollusc_bivalvia,Mollusc_bivalvia_bivalve,,,,
Mollusc,Mollusca,Bivalvia,Clam,,,,,CLM,Animalia,Mollusca,Bivalvia,,,C,,Mollusc,Mollusc_bivalvia,Mollusc_bivalvia_clam,,,,
Mollusc,Mollusca,Bivalvia,Burrowing clam,,,,,BCM,Animalia,Mollusca,Bivalvia,,,C,,Mollusc,Mollusc_bivalvia,Mollusc_bivalvia_burrowingclam,,,,
Mollusc,Mollusca,Bivalvia,Scallop,,,,,SCL,Animalia,Mollusca,Bivalvia,Pectinida,Pectinidae,F,,Mollusc,Mollusc_bivalvia,Mollusc_bivalvia_scallop,,,,
Mollusc,Mollusca,Bivalvia,Oyster,,,,,OYS,Animalia,Mollusca,Bivalvia,Ostreida,Ostreidae,F,,Mollusc,Mollusc_bivalvia,Mollusc_bivalvia_oyster,,,,
Mollusc,Mollusca,Bivalvia,Mussel,,,,,MUS,Animalia,Mollusca,Bivalvia,Mytilida,Mytilidae,F,,Mollusc,Mollusc_bivalvia,Mollusc_bivalvia_mussel,,,,
Mollusc,Mollusca,Cephalopoda,,,,,,MOCE,Animalia,Mollusca,Cephalopoda,,,C,,Mollusc,Mollusc_cephalopoda,Mollusc_cephalopoda,,,,
Mollusc,Mollusca,Cephalopoda,Cuttlefish,,,,,MOCEC,Animalia,Mollusca,Cephalopoda,Sepiida,,O,,Mollusc,Mollusc_cephalopoda,Mollusc_cephalopoda_cuttlefish,,,,
Mollusc,Mollusca,Cephalopoda,Octopods,,,,,MOCEO,Animalia,Mollusca,Cephalopoda,Octopoda,,O,,Mollusc,Mollusc_cephalopoda,Mollusc_cephalopoda_octopods,,,,
Mollusc,Mollusca,Cephalopoda,Squid,,,,,MOCES,Animalia,Mollusca,Cephalopoda,,,C,,Mollusc,Mollusc_cephalopoda,Mollusc_cephalopoda_squid,,,,
Mollusc,Mollusca,Chiton,,,,,,MOCH,Animalia,Mollusca,Polyplacophora,,,C,,Mollusc,Mollusc_chiton,Mollusc_chiton,,,,
Mollusc,Mollusca,Gastropoda,Gastropod,,,,,MOG,Animalia,Mollusca,Gastropoda,,,C,,Mollusc,Mollusc_gastropoda,Mollusc_gastropoda_gastropod,,,,
Mollusc,Mollusca,Gastropoda,Nudibrach,Nudibranchia,,,,NUD,Animalia,Mollusca,Gastropoda,Nudibranchia,,O,,Mollusc,Mollusc_gastropoda,Mollusc_gastropoda_nudibrach,,,,
Mollusc,Mollusca,Gastropoda,Sea snail,,,,,SNA,Animalia,Mollusca,Gastropoda,,,C,,Mollusc,Mollusc_gastropoda,Mollusc_gastropoda_snail,,,,
Sea spider,Chelicerata,Pycnogonida,,,,,,SS,Animalia,Arthropoda,Pycnogonida,,,C,,Seaspider,Seaspider_pycnogonida,Seaspider_pycnogonida,,,,
Seagrass,Seagrass,,,,,,,SEAG,Plantae,Tracheophyta,Magnoliopsida,Alismatales,,O,,Seagrass,Seagrass,Seagrass,,,,
Seagrass,Elliptical leaf,,,,,,,SEAGE,Plantae,Tracheophyta,Magnoliopsida,Alismatales,,O,ellipticaleaf,Seagrass,Seagrass,Seagrass_ellipticalleaf,,,,
Seagrass,Strap-like leaf,,,,,,,SEAGS,Plantae,Tracheophyta,Magnoliopsida,Alismatales,,O,strapleaf,Seagrass,Seagrass,Seagrass_strapleaf,,,,
Sponge,Porifera,,,,,,,SP,Animalia,Porifera,,,,P,,Sponge,Sponge,Sponge,,,,
Sponge,Porifera,True sponge,Demospongiae,Crust,,,,SPC,Animalia,Porifera,Demospongiae,,,C,crust,Sponge,Sponge_demospongiae,Sponge_true_demospongiae_crust,,,,
Sponge,Porifera,True sponge,Demospongiae,Crust,Creeping / ramose,,,SPCCR,Animalia,Porifera,Demospongiae,,,C,crust_creeping,Sponge,Sponge_demospongiae,Sponge_true_demospongiae_crust_creeping,,,,
Sponge,Porifera,True sponge,Demospongiae,Crust,Encrusting,,,SPCE,Animalia,Porifera,Demospongiae,,,C,crust_encrusting,Sponge,Sponge_demospongiae,Sponge_true_demospongiae_crust_encrusting,,,,
Sponge,Porifera,True sponge,Demospongiae,Crust,Endolithic / bioeroding,,,SPCEB,Animalia,Porifera,Demospongiae,,,C,crust_endolithic,Sponge,Sponge_demospongiae,Sponge_true_demospongiae_crust_endolithic,,,,
Sponge,Porifera,True sponge,Demospongiae,Cup-like sponge,,,,SPCL,Animalia,Porifera,Demospongiae,,,C,cuplike,Sponge,Sponge_demospongiae,Sponge_true_demospongiae_cuplike,,,,
Sponge,Porifera,True sponge,Demospongiae,Cup-like sponge,Barrel,,,SPCLB,Animalia,Porifera,Demospongiae,,,C,cuplike_barrel,Sponge,Sponge_demospongiae,Sponge_true_demospongiae_cuplike_barrel,,,,
Sponge,Porifera,True sponge,Demospongiae,Cup-like sponge,Cup,,,SPCLC,Animalia,Porifera,Demospongiae,,,C,cuplike_cup,Sponge,Sponge_demospongiae,Sponge_true_demospongiae_cuplike_cup,,,,
Sponge,Porifera,True sponge,Demospongiae,Cup-like sponge,Tube / chimney,,,SPCLTC,Animalia,Porifera,Demospongiae,,,C,cuplike_tube,Sponge,Sponge_demospongiae,Sponge_true_demospongiae_cuplike_tube,,,,
Sponge,Porifera,True sponge,Demospongiae,Erect form,,,,SPE,Animalia,Porifera,Demospongiae,,,C,erect,Sponge,Sponge_demospongiae,Sponge_true_demospongiae_erect,,,,
Sponge,Porifera,True sponge,Demospongiae,Erect form,Branching,,,SPEB,Animalia,Porifera,Demospongiae,,,C,erect_branching,Sponge,Sponge_demospongiae,Sponge_true_demospongiae_erect_branching,,,,
Sponge,Porifera,True sponge,Demospongiae,Erect form,Laminar,,,SPEL,Animalia,Porifera,Demospongiae,,,C,erect_laminar,Sponge,Sponge_demospongiae,Sponge_true_demospongiae_erect_laminar,,,,
Sponge,Porifera,True sponge,Demospongiae,Erect form,Palmate,,,SPEP,Animalia,Porifera,Demospongiae,,,C,erect_palmate,Sponge,Sponge_demospongiae,Sponge_true_demospongiae_erect_palmate,,,,
Sponge,Porifera,True sponge,Demospongiae,Erect form,Simple,,,SPES,Animalia,Porifera,Demospongiae,,,C,erect_simple,Sponge,Sponge_demospongiae,Sponge_true_demospongiae_erect_simple,,,,
Sponge,Porifera,True sponge,Demospongiae,Erect form,Stalked,,,SPMST,Animalia,Porifera,Demospongiae,,,C,erect_stalked,Sponge,Sponge_demospongiae,Sponge_true_demospongiae_erect_stalked,,,,
Sponge,Porifera,True sponge,Demospongiae,Massive form,,,,SPM,Animalia,Porifera,Demospongiae,,,C,massive,Sponge,Sponge_demospongiae,Sponge_true_demospongiae_massive,,,,
Sponge,Porifera,True sponge,Demospongiae,Massive form,Ball,,,SPMR,Animalia,Porifera,Demospongiae,,,C,massive_ball,Sponge,Sponge_demospongiae,Sponge_true_demospongiae_massive_ball,,,,
Sponge,Porifera,True sponge,Demospongiae,Massive form,Cryptic,,,SPMC,Animalia,Porifera,Demospongiae,,,C,massive_cryptic,Sponge,Sponge_demospongiae,Sponge_true_demospongiae_massive_cryptic,,,,
Sponge,Porifera,True sponge,Demospongiae,Massive form,Simple,,,SPMSI,Animalia,Porifera,Demospongiae,,,C,massive_simple,Sponge,Sponge_demospongiae,Sponge_true_demospongiae_massive_simple,,,,
Sponge,Porifera,Glass sponge,Hexactinellida,,,,,GLS,Animalia,Porifera,Hexactinellida,,,C,,Sponge,Sponge_hexactinellida,Sponge_glass_hexactinellida,,,,
Sponge,Porifera,Glass sponge,Hexactinellida,Tubular,,,,GST,Animalia,Porifera,Hexactinellida,,,C,tubular,Sponge,Sponge_hexactinellida,Sponge_glass_hexactinellida_tubular,,,,
Sponge,Porifera,Glass sponge,Hexactinellida,Barrel,,,,GSB,Animalia,Porifera,Hexactinellida,,,C,barrel,Sponge,Sponge_hexactinellida,Sponge_glass_hexactinellida_barrel,,,,
Sponge,Porifera,Glass sponge,Hexactinellida,Vase,,,,GSV,Animalia,Porifera,Hexactinellida,,,C,vase,Sponge,Sponge_hexactinellida,Sponge_glass_hexactinellida_vase,,,,
Sponge,Porifera,Glass sponge,Hexactinellida,Ball,,,,GSR,Animalia,Porifera,Hexactinellida,,,C,ball,Sponge,Sponge_hexactinellida,Sponge_glass_hexactinellida_ball,,,,
Sponge,Porifera,Glass sponge,Hexactinellida,Mat,,,,GSM,Animalia,Porifera,Hexactinellida,,,C,mat,Sponge,Sponge_hexactinellida,Sponge_glass_hexactinellida_mat,,,,
Sponge,Porifera,Calcarea sponge,Calcarea,,,,,CAL,Animalia,Porifera,Calcarea,,,C,,Sponge,Sponge_calcarea,Sponge_calcarea,,,,
Sponge,Porifera,Homoscleromorpha sponge,Homoscleromorpha,,,,,HOM,Animalia,Porifera,Homoscleromorpha,Homosclerophorida,,O,,Sponge,Sponge_homoscleromorpha,Sponge_homoscleromorpha,,,,
Tunicate,Tunicata,Ascidian,Ascidiacea,,,,,A,Animalia,Chordata,Ascidiacea,,,C,,Tunicate,Tunicate_ascidian,Tunicate_ascidian,,,,
Tunicate,Tunicata,Ascidian,Ascidiacea,Stalked,,,,AS,Animalia,Chordata,Ascidiacea,,,C,stalked,Tunicate,Tunicate_ascidian,Tunicate_ascidian_stalked,,,,
Tunicate,Tunicata,Ascidian,Ascidiacea,Stalked,Colonial,,,ASC,Animalia,Chordata,Ascidiacea,,,C,stalked_colonial,Tunicate,Tunicate_ascidian,Tunicate_ascidian_stalked_colonial,,,,
Tunicate,Tunicata,Ascidian,Ascidiacea,Stalked,Solitary,,,ASS,Animalia,Chordata,Ascidiacea,,,C,stalked_solitary,Tunicate,Tunicate_ascidian,Tunicate_ascidian_stalked_solitary,,,,
Tunicate,Tunicata,Ascidian,Ascidiacea,Unstalked,,,,AU,Animalia,Chordata,Ascidiacea,,,C,unstalked,Tunicate,Tunicate_ascidian,Tunicate_ascidian_unstalked,,,,
Tunicate,Tunicata,Ascidian,Ascidiacea,Unstalked,Colonial,,,AUC,Animalia,Chordata,Ascidiacea,,,C,unstalked_colonial,Tunicate,Tunicate_ascidian,Tunicate_ascidian_unstalked_colonial,,,,
Tunicate,Tunicata,Ascidian,Ascidiacea,Unstalked,Solitary,,,AUS,Animalia,Chordata,Ascidiacea,,,C,unstalked_solitary,Tunicate,Tunicate_ascidian,Tunicate_ascidian_unstalked_solitary,,,,
Worm,Worms,,,,,,,W,Animalia,,,,,K,,Worm,Worm,Worm,,,,
Worm,Worms,Acorn worm,,,,,,WA,Animalia,Hemichordata,Enteropneusta,,,C,,Worm,Worm_acorn,Worm_acorn,,,,
Worm,Worms,Echiura,,,,,,WEE,Animalia,Annelida,Polychaeta,,,C,,Worm,Worm_annelida_echiura,Worm_echiura,,,,
Worm,Worms,Flatworm,,,,,,WF,Animalia,Platyhelminthes,,,,P,,Worm,Worm_flatworm,Worm_flatworm,,,,
Worm,Worms,Penisworm,,,,,,WPE,Animalia,Priapulida,,,,P,,Worm,Worm_penisworm,Worm_penisworm,,,,
Worm,Worms,Arrow worm,Chaetognatha,,,,,CAE,Animalia,Chaetognatha,,,,P,,Worm,Worm_arrowworm,Worm_arrowworm_chaetognatha,,,,
Worm,Worms,Ribbon worm,Nemertea,,,,,RIB,Animalia,Nemertea,,,,P,,Worm,Worm_nemertea,Worm_ribbon_nemertea,,,,
Worm,Worms,Sipuncula,Annelida,Peanut worm,,,,WES,Animalia,Sipuncula,,,,P,,Worm,Worm_sipuncula,Worm_sipuncula_annelida_peanut,,,,
Worm,Worms,Clitellata,Annelida,Collar worm,,,,COL,Animalia,Annelida,Clitellata,,,C,,Worm,Worm_annelida,Worm_clitellata_annelida_collar,,,,
Worm,Worms,Polychaeta,Annelida,Scale / bristle worm,,,,WPO,Animalia,Annelida,Polychaeta,,,C,,Worm,Worm_annelida,Worm_annelida_scalebristle,,,,
Worm,Worms,Polychaeta,Annelida,Other polychaete,,,,WPOO,Animalia,Annelida,Polychaeta,,,C,,Worm,Worm_annelida,Worm_annelida_other,,,,
Worm,Worms,Polychaeta,Annelida,Tube worm,,,,WPOT,Animalia,Annelida,Polychaeta,,,C,,Worm,Worm_annelida,Worm_annelida_tube,,,,
,,,,,,,,,,,,,,,,Flat_soft,Flat_soft_silt,Flat_soft_wentworth_silt,Flat,soft,wentworth,silt
,,,,,,,,,,,,,,,,Flat_soft,Flat_soft_sand,Flat_soft_wentworth_sand,Flat,soft,wentworth,sand
,,,,,,,,,,,,,,,,Flat_soft,Flat_soft_bioturbation,Flat_soft_bioturbation,Flat,soft,bioturbation,
,,,,,,,,,,,,,,,,Flat_soft,Flat_soft_bacterialmats,Flat_soft_bacterialmats,Flat,soft,bacterialmats,
,,,,,,,,,,,,,,,,Flat_soft,Flat_soft_icescour,Flat_soft_icescour,Flat,soft,icescour,
,,,,,,,,,,,,,,,,Flat_soft,Flat_soft_ripples,Flat_soft_ripples,Flat,soft,ripples,
,,,,,,,,,,,,,,,,Flat_hard,Flat_hard_basalt,Flat_hard_basalt,Flat,hard,basalt,
,,,,,,,,,,,,,,,,Flat_hard,Flat_hard_ice,Flat_hard_ice,Flat,hard,ice,
,,,,,,,,,,,,,,,,Flat_hard,Flat_hard_limestone,Flat_hard_limestone,Flat,hard,limestone,
,,,,,,,,,,,,,,,,Flat_hard,Flat_hard_shelldead,Flat_hard_shelldead,Flat,hard,shelldead,
,,,,,,,,,,,,,,,,Flat_hard,Flat_hard_wall,Flat_hard_wall,Flat,hard,wall,
,,,,,,,,,,,,,,,,Flat_hard,Flat_hard_pebble,Flat_hard_wentworth_pebble,Flat,hard,wentworth,pebble
,,,,,,,,,,,,,,,,Flat_hard,Flat_hard_cobble,Flat_hard_wentworth_cobble,Flat,hard,wentworth,cobble
,,,,,,,,,,,,,,,,Flat_hard,Flat_hard_boulder,Flat_hard_wentworth_boulder,Flat,hard,wentworth,boulder
,,,,,,,,,,,,,,,,Flat_hard,Flat_hard_bedrockreef ,Flat_hard_wentworth_bedrockreef ,Flat,hard,wentworth,bedrockreef 
,,,,,,,,,,,,,,,,Moderate_soft,Moderate_soft_silt,Moderate_soft_wentworth_silt,Moderate,soft,wentworth,silt
,,,,,,,,,,,,,,,,Moderate_soft,Moderate_soft_sand,Moderate_soft_wentworth_sand,Moderate,soft,wentworth,sand
,,,,,,,,,,,,,,,,Moderate_soft,Moderate_soft_bioturbation,Moderate_soft_bioturbation,Moderate,soft,bioturbation,
,,,,,,,,,,,,,,,,Moderate_soft,Moderate_soft_bacterialmats,Moderate_soft_bacterialmats,Moderate,soft,bacterialmats,
,,,,,,,,,,,,,,,,Moderate_soft,Moderate_soft_icescour,Moderate_soft_icescour,Moderate,soft,icescour,
,,,,,,,,,,,,,,,,Moderate_soft,Moderate_soft_ripples,Moderate_soft_ripples,Moderate,soft,ripples,
,,,,,,,,,,,,,,,,Moderate_hard,Moderate_hard_basalt,Moderate_hard_basalt,Moderate,hard,basalt,
,,,,,,,,,,,,,,,,Moderate_hard,Moderate_hard_ice,Moderate_hard_ice,Moderate,hard,ice,
,,,,,,,,,,,,,,,,Moderate_hard,Moderate_hard_limestone,Moderate_hard_limestone,Moderate,hard,limestone,
,,,,,,,,,,,,,,,,Moderate_hard,Moderate_hard_shelldead,Moderate_hard_shelldead,Moderate,hard,shelldead,
,,,,,,,,,,,,,,,,Moderate_hard,Moderate_hard_wall,Moderate_hard_wall,Moderate,hard,wall,
,,,,,,,,,,,,,,,,Moderate_hard,Moderate_hard_pebble,Moderate_hard_wentworth_pebble,Moderate,hard,wentworth,pebble
,,,,,,,,,,,,,,,,Moderate_hard,Moderate_hard_cobble,Moderate_hard_wentworth_cobble,Moderate,hard,wentworth,cobble
,,,,,,,,,,,,,,,,Moderate_hard,Moderate_hard_boulder,Moderate_hard_wentworth_boulder,Moderate,hard,wentworth,boulder
,,,,,,,,,,,,,,,,Moderate_hard,Moderate_hard_bedrockreef ,Moderate_hard_wentworth_bedrockreef ,Moderate,hard,wentworth,bedrockreef 
,,,,,,,,,,,,,,,,High_soft,High_soft_silt,High_soft_wentworth_silt,High,soft,wentworth,silt
,,,,,,,,,,,,,,,,High_soft,High_soft_sand,High_soft_wentworth_sand,High,soft,wentworth,sand
,,,,,,,,,,,,,,,,High_soft,High_soft_bioturbation,High_soft_bioturbation,High,soft,bioturbation,
,,,,,,,,,,,,,,,,High_soft,High_soft_bacterialmats,High_soft_bacterialmats,High,soft,bacterialmats,
,,,,,,,,,,,,,,,,High_soft,High_soft_icescour,High_soft_icescour,High,soft,icescour,
,,,,,,,,,,,,,,,,High_soft,High_soft_ripples,High_soft_ripples,High,soft,ripples,
,,,,,,,,,,,,,,,,High_hard,High_hard_basalt,High_hard_basalt,High,hard,basalt,
,,,,,,,,,,,,,,,,High_hard,High_hard_ice,High_hard_ice,High,hard,ice,
,,,,,,,,,,,,,,,,High_hard,High_hard_limestone,High_hard_limestone,High,hard,limestone,
,,,,,,,,,,,,,,,,High_hard,High_hard_shelldead,High_hard_shelldead,High,hard,shelldead,
,,,,,,,,,,,,,,,,High_hard,High_hard_wall,High_hard_wall,High,hard,wall,
,,,,,,,,,,,,,,,,High_hard,High_hard_pebble,High_hard_wentworth_pebble,High,hard,wentworth,pebble
,,,,,,,,,,,,,,,,High_hard,High_hard_cobble,High_hard_wentworth_cobble,High,hard,wentworth,cobble
,,,,,,,,,,,,,,,,High_hard,High_hard_boulder,High_hard_wentworth_boulder,High,hard,wentworth,boulder
,,,,,,,,,,,,,,,,High_hard,High_hard_bedrockreef ,High_hard_wentworth_bedrockreef ,High,hard,wentworth,bedrockreef 