Layer_01,Layer_02,Layer_03,Layer_04,Layer_05,cpc_codes,kingdom,phylum,class,order,family,taxonomic_resolution,morphology,common_id_short,common_id_mid,common_id_full,,,,
Sponges,Porifera,Demospongiae,Massive demosponge,,SPM,Animalia,Porifera,Demospongiae,,,C,massive,Sponge,Sponge_demospongiae,Sponge_true_demospongiae_massive,,,,
Sponges,Porifera,Demospongiae,Branching demosponge,,SPEB,Animalia,Porifera,Demospongiae,,,C,erect_branching,Sponge,Sponge_demospongiae,Sponge_true_demospongiae_erect_branching,,,,
Sponges,Porifera,Demospongiae,Encrusting demosponge,,SPCE,Animalia,Porifera,Demospongiae,,,C,crust_encrusting,Sponge,Sponge_demospongiae,Sponge_true_demospongiae_crust_encrusting,,,,
Sponges,Porifera,Demospongiae,Cup demosponge,,SPCLC,Animalia,Porifera,Demospongiae,,,C,cuplike_cup,Sponge,Sponge_demospongiae,Sponge_true_demospongiae_cuplike_cup,,,,
Sponges,Porifera,Demospongiae,Vase demosponge,,SPCLTC,Animalia,Porifera,Demospongiae,,,C,cuplike_tube,Sponge,Sponge_demospongiae,Sponge_true_demospongiae_cuplike_tube,,,,
Sponges,Porifera,Demospongiae,Barrel demosponge,,SPCLB,Animalia,Porifera,Demospongiae,,,C,cuplike_barrel,Sponge,Sponge_demospongiae,Sponge_true_demospongiae_cuplike_barrel,,,,
Sponges,Porifera,Demospongiae,Ball demosponge,,SPMR,Animalia,Porifera,Demospongiae,,,C,massive_ball,Sponge,Sponge_demospongiae,Sponge_true_demospongiae_massive_ball,,,,
Sponges,Porifera,Demospongiae,Stalked demosponge,,SPMST,Animalia,Porifera,Demospongiae,,,C,erect_stalked,Sponge,Sponge_demospongiae,Sponge_true_demospongiae_erect_stalked,,,,
Sponges,Porifera,Demospongiae,Fan demosponge,,SPE,Animalia,Porifera,Demospongiae,,,C,erect_fan,Sponge,Sponge_demospongiae,Sponge_true_demospongiae_erect,,,,
Sponges,Porifera,Demospongiae,Finger demosponge,,SPEP,Animalia,Porifera,Demospongiae,,,C,erect_palmate,Sponge,Sponge_demospongiae,Sponge_true_demospongiae_erect_palmate,,,,
Sponges,Porifera,Hexactinellida,Tubular glass sponge,,GST,Animalia,Porifera,Hexactinellida,,,C,tubular,Sponge,Sponge_hexactinellida,Sponge_glass_hexactinellida_tubular,,,,
Sponges,Porifera,Hexactinellida,Vase glass sponge,,GSV,Animalia,Porifera,Hexactinellida,,,C,vase,Sponge,Sponge_hexactinellida,Sponge_glass_hexactinellida_vase,,,,
Sponges,Porifera,Hexactinellida,Barrel glass sponge,,GSB,Animalia,Porifera,Hexactinellida,,,C,barrel,Sponge,Sponge_hexactinellida,Sponge_glass_hexactinellida_barrel,,,,
Sponges,Porifera,Hexactinellida,Ball glass sponge,,GSR,Animalia,Porifera,Hexactinellida,,,C,ball,Sponge,Sponge_hexactinellida,Sponge_glass_hexactinellida_ball,,,,
Sponges,Porifera,Hexactinellida,Glass sponge mat,,GSM,Animalia,Porifera,Hexactinellida,,,C,mat,Sponge,Sponge_hexactinellida,Sponge_glass_hexactinellida_mat,,,,
Sponges,Porifera,Hexactinellida,Stalked glass sponge,,GLS,Animalia,Porifera,Hexactinellida,,,C,stalked,Sponge,Sponge_hexactinellida,Sponge_glass_hexactinellida,,,,
Sponges,Porifera,Calcarea,Calcareous sponge,,CAL,Animalia,Porifera,Calcarea,,,C,,Sponge,Sponge_calcarea,Sponge_calcarea,,,,
Coral,Cnidaria,Anthozoa,Alcyonacea (Octocorals / soft corals),Branching octocoral,CBB,Animalia,Cnidaria,Octocorallia,,,C,branching3D,Coral,Coral_octocoral,Coral_octocoral_branching3D,,,,
Coral,Cnidaria,Anthozoa,Alcyonacea (Octocorals / soft corals),Bushy octocoral,CBNBU,Animalia,Cnidaria,Octocorallia,,,C,branching3D_nonfleshy_bushy,Coral,Coral_octocoral,Coral_octocoral_branching3D_nonfleshy_bushy,,,,
Coral,Cnidaria,Anthozoa,Alcyonacea (Octocorals / soft corals),Bottlebrush octocoral,CBNB,Animalia,Cnidaria,Octocorallia,,,C,branching3D_nonfleshy_bottlebrush,Coral,Coral_octocoral,Coral_octocoral_branching3D_nonfleshy_bottlebrush,,,,
Coral,Cnidaria,Anthozoa,Alcyonacea (Octocorals / soft corals),Arborescent octocoral,CBBFA,Animalia,Cnidaria,Octocorallia,,,C,branching3D_fleshy_arborescent,Coral,Coral_octocoral,Coral_octocoral_branching3D_fleshy_arborescent,,,,
Coral,Cnidaria,Anthozoa,Alcyonacea (Octocorals / soft corals),Whip coral,CB,Animalia,Cnidaria,Octocorallia,,,C,whip,Coral,Coral_octocoral,Coral_octocoral,,,,
Coral,Cnidaria,Anthozoa,Sea fan / gorgonian,,CBF,Animalia,Cnidaria,Octocorallia,,,C,fan2D,Coral,Coral_octocoral,Coral_octocoral_fan2D,,,,
Coral,Cnidaria,Anthozoa,Soft coral colony,,CB,Animalia,Cnidaria,Octocorallia,,,C,,Coral,Coral_octocoral,Coral_octocoral,,,,
Coral,Cnidaria,Anthozoa,Mushroom soft coral,,CBBFM,Animalia,Cnidaria,Octocorallia,,,C,branching3D_mushroom,Coral,Coral_octocoral,Coral_octocoral_branching3D_mushroom,,,,
Coral,Cnidaria,Pennatulacea (Sea pens),Sea pen,,CBQ,Animalia,Cnidaria,Octocorallia,Scleralcyonacea,Pennatuloidea,F,seapen_pennatulacea,Coral,Coral_octocoral,Coral_octocoral_seapen_pennatulacea,,,,
Coral,Cnidaria,Pennatulacea (Sea pens),Quill sea pen,,CBQ,Animalia,Cnidaria,Octocorallia,Scleralcyonacea,Pennatuloidea,F,quill_seapen_pennatulacea,Coral,Coral_octocoral,Coral_octocoral_seapen_pennatulacea,,,,
Coral,Cnidaria,Pennatulacea (Sea pens),Sea whip pen,,CBW,Animalia,Cnidaria,Octocorallia,Scleralcyonacea,Pennatuloidea,F,whip_pennatulacea,Coral,Coral_octocoral,Coral_octocoral_whip_pennatulacea,,,,
Coral,Cnidaria,Antipatharia (Black corals),,,CB,Animalia,Cnidaria,Hexacorallia,Antipatharia,,O,,Coral,Coral_black,Coral_black_,,,,
Coral,Cnidaria,Antipatharia (Black corals),Branching black coral,,CBB,Animalia,Cnidaria,Hexacorallia,Antipatharia,,O,branching3D,Coral,Coral_black,Coral_black_branching3D,,,,
Coral,Cnidaria,Antipatharia (Black corals),Fan black coral,,CBF,Animalia,Cnidaria,Hexacorallia,Antipatharia,,O,fan2D,Coral,Coral_black,Coral_black_fan2D,,,,
Coral,Cnidaria,Antipatharia (Black corals),Whip black coral,,CBW,Animalia,Cnidaria,Hexacorallia,Antipatharia,,O,whip,Coral,Coral_black,Coral_black_whip,,,,
Coral,Cnidaria,Scleractinia (Stony corals),,,CS,Animalia,Cnidaria,Hexacorallia,Scleractinia,,O,,Coral,Coral_stony,Coral_stony,,,,
Coral,Cnidaria,Scleractinia (Stony corals),Solitary stony coral,,CSSO,Animalia,Cnidaria,Hexacorallia,Scleractinia,,O,solitary,Coral,Coral_stony,Coral_stony_solitary,,,,
Coral,Cnidaria,Scleractinia (Stony corals),Cup coral,,CSSOM,Animalia,Cnidaria,Hexacorallia,Scleractinia,Fungiidae,F,solitary_cup_mushroom_fungiidae,Coral,Coral_stony,Coral_stony_solitary_mushroom_fungiidae,,,,
Coral,Cnidaria,Scleractinia (Stony corals),Massive stony coral,,CSM,Animalia,Cnidaria,Hexacorallia,Scleractinia,,O,massive,Coral,Coral_stony,Coral_stony_massive,,,,
Coral,Cnidaria,Scleractinia (Stony corals),Branching stony coral,,CSBR,Animalia,Cnidaria,Hexacorallia,Scleractinia,,O,branching,Coral,Coral_stony,Coral_stony_branching,,,,
Coral,Cnidaria,Scleractinia (Stony corals),Reef-forming stony coral,,CSD,Animalia,Cnidaria,Hexacorallia,Scleractinia,,O,digitate_reefforming,Coral,Coral_stony,Coral_stony_digitate,,,,
Coral,Cnidaria,Actiniaria (Anemone),,,CNA,Animalia,Cnidaria,Hexacorallia,,,C,,Anemone,Anemone,Anemone,,,,
Coral,Cnidaria,Actiniaria (Anemone),Large anemone field,,,,,,,,,,,,,,,,
Coral,Cnidaria,Actiniaria (Anemone),Colonial anemone aggregation,,CNCA,Animalia,Cnidaria,Hexacorallia,,,C,colonial,Anemone,Anemone_colonial,Anemone_colonial,,,,
Coral,Cnidaria,Ceriantharia (Tube anemone),,,CNTU,Animalia,Cnidaria,Hexacorallia,Ceriantharia,,O,tube,Anemone,Anemone_tube,Anemone_tube,,,,
Coral,Cnidaria,Ceriantharia (Tube anemone),Tube anemone aggregation,,CNTU,Animalia,Cnidaria,Hexacorallia,Ceriantharia,,O,tube_aggregation,Anemone,Anemone_tube_aggregation,Anemone_tube,,,,
Hydroids,Hydrozoa,,,,CNHYC,Animalia,Cnidaria,Hydrozoa,Anthoathecata,,O,,Coral,Coral_hydrocoral,Coral_hydrocoral,,,,
Bryozoans,Bryozoa,Branching bryozoan,,,CNHYCB,Animalia,Cnidaria,Hydrozoa,Anthoathecata,,O,branching,Coral,Coral_hydrocoral,Coral_hydrocoral_branching,,,,
Bryozoans,Bryozoa,Fenestrate bryozoan,,,BRYHF,Animalia,Bryozoa,,,,P,hard_fenestrate,Bryozoan,Bryozoan_hard,Bryozoan_hard_fenestrate,,,,
Bryozoans,Bryozoa,Massive bryozoan colony,,,BRYHM,Animalia,Bryozoa,,,,P,hard_massive_colony,Bryozoan,Bryozoan_hard,Bryozoan_hard_massive,,,,
Bryozoans,Bryozoa,Encrusting bryozoan mat,,,BRYHE,Animalia,Bryozoa,,,,P,hard_encrusting,Bryozoan,Bryozoan_hard,Bryozoan_hard_encrusting,,,,
Bryozoans,Bryozoa,Soft bryozoan colony,,,BRYS,Animalia,Bryozoa,Gymnolaemata,Ctenostomatida,,O,soft_colony,Bryozoan,Bryozoan_soft,Bryozoan_soft,,,,
Bryozoans,Bryozoa,Dendroid bryozoan,,,BRYSD,Animalia,Bryozoa,Gymnolaemata,Ctenostomatida,,O,soft_dendroid,Bryozoan,Bryozoan_soft,Bryozoan_soft_dendroid,,,,
Tunicates (Habitat-forming aggregations),Tunicata,Ascidiacea,,,A,Animalia,Chordata,Ascidiacea,,,C,,Tunicate,Tunicate_ascidian,Tunicate_ascidian,,,,
Tunicates (Habitat-forming aggregations),Tunicata,Colonial ascidian mat,,,AUC,Animalia,Chordata,Ascidiacea,,,C,unstalked_colonial,Tunicate,Tunicate_ascidian,Tunicate_ascidian_unstalked_colonial,,,,
Tunicates (Habitat-forming aggregations),Tunicata,Dense solitary ascidian aggregation,,,A,Animalia,Chordata,Ascidiacea,,,C,solitary_aggregration,Tunicate,Tunicate_ascidian,Tunicate_ascidian,,,,
Tunicates (Habitat-forming aggregations),Tunicata,Stalked ascidian aggregation,,,ASS,Animalia,Chordata,Ascidiacea,,,C,stalked_solitary_aggregation,Tunicate,Tunicate_ascidian,Tunicate_ascidian_stalked_solitary_aggregation,,,,NOT USE if I want to add aggregation to the end of leave off …
Echinoderms (Habitat-forming aggregations),Echinodermata,Crinoidea,Stalked crinoid field,,EFS,Animalia,Echinodermata,Crinoidea,,,C,stalked,Echinoderm,Echinoderm_crinoid,Echinoderm_crinoid_stalked,,,,
Echinoderms (Habitat-forming aggregations),Echinodermata,Crinoidea,Unstalked crinoid field,,AU,Animalia,Chordata,Ascidiacea,,,C,unstalked,Tunicate,Tunicate_ascidian,Tunicate_ascidian_unstalked,,,,
Echinoderms (Habitat-forming aggregations),Echinodermata,Ophiuroidea,Brittle star aggregation,,EOBSS,Animalia,Echinodermata,Ophiuroidea,,,C,aggregation,Echinoderm,Echinoderm_ophiuroid,Echinoderm_brittlestar,,,,
Echinoderms (Habitat-forming aggregations),Echinodermata,Ophiuroidea,Basket star aggregation,,EOBS,Animalia,Echinodermata,Ophiuroidea,Euryalida,,O,aggregation,Echinoderm,Echinoderm_ophiuroid,Echinoderm_basketstar,,,,